"sim","n","p","model","rmse"
1,200,5,"Ridge",2.92305761560577
1,200,5,"RF_Ridge",3.12206478354021
1,200,5,"XGBoost_Ridge",2.41562963807315
1,200,5,"LightGBM_Ridge",2.35640461725204
1,200,5,"CatBoost_Ridge",2.34740287572737
1,200,5,"H2OGBM_Ridge",2.18613747857642
1,200,5,"Lasso",2.91415205144881
1,200,5,"RF_Lasso",3.18954085614639
1,200,5,"XGBoost_Lasso",2.55574135618072
1,200,5,"LightGBM_Lasso",2.7431404418024
1,200,5,"CatBoost_Lasso",2.71866492788727
1,200,5,"H2OGBM_Lasso",2.49147410893274
1,200,5,"ElasticNet",2.93341291536706
1,200,5,"RF_ElasticNet",3.17030521464373
1,200,5,"XGBoost_ElasticNet",2.55574135618072
1,200,5,"LightGBM_ElasticNet",2.7431404418024
1,200,5,"CatBoost_ElasticNet",2.71866492788727
1,200,5,"H2OGBM_ElasticNet",2.49147410893274
1,200,5,"RF_Full",3.1232048074683
1,200,5,"XGBoost_Full",2.41562963807315
1,200,5,"LightGBM_Full",2.35640461725204
1,200,5,"CatBoost_Full",2.34740287572737
1,200,5,"H2OGBM_Full",2.18613747857642
2,200,5,"Ridge",2.37358107237179
2,200,5,"RF_Ridge",2.27126788970459
2,200,5,"XGBoost_Ridge",2.27474546497257
2,200,5,"LightGBM_Ridge",1.70085160617101
2,200,5,"CatBoost_Ridge",1.83368306849256
2,200,5,"H2OGBM_Ridge",1.96288606917563
2,200,5,"Lasso",2.42263368252912
2,200,5,"RF_Lasso",2.31188724496932
2,200,5,"XGBoost_Lasso",2.27474546497257
2,200,5,"LightGBM_Lasso",1.70085160617101
2,200,5,"CatBoost_Lasso",1.83368306849256
2,200,5,"H2OGBM_Lasso",1.96288606917563
2,200,5,"ElasticNet",2.42345076062032
2,200,5,"RF_ElasticNet",2.267597060618
2,200,5,"XGBoost_ElasticNet",2.27474546497257
2,200,5,"LightGBM_ElasticNet",1.70085160617101
2,200,5,"CatBoost_ElasticNet",1.83368306849256
2,200,5,"H2OGBM_ElasticNet",1.96288606917563
2,200,5,"RF_Full",2.26928942920183
2,200,5,"XGBoost_Full",2.27474546497257
2,200,5,"LightGBM_Full",1.70085160617101
2,200,5,"CatBoost_Full",1.83368306849256
2,200,5,"H2OGBM_Full",1.96288606917563
3,200,5,"Ridge",2.29313939537387
3,200,5,"RF_Ridge",3.05682947277131
3,200,5,"XGBoost_Ridge",2.89811887081851
3,200,5,"LightGBM_Ridge",1.70565433786601
3,200,5,"CatBoost_Ridge",1.96169394106026
3,200,5,"H2OGBM_Ridge",1.74723056940825
3,200,5,"Lasso",2.23382209599531
3,200,5,"RF_Lasso",3.11634590448422
3,200,5,"XGBoost_Lasso",2.89811887081851
3,200,5,"LightGBM_Lasso",1.70565433786601
3,200,5,"CatBoost_Lasso",1.96169394106026
3,200,5,"H2OGBM_Lasso",1.74723056940825
3,200,5,"ElasticNet",2.23423910891544
3,200,5,"RF_ElasticNet",3.10751978382352
3,200,5,"XGBoost_ElasticNet",2.89811887081851
3,200,5,"LightGBM_ElasticNet",1.70565433786601
3,200,5,"CatBoost_ElasticNet",1.96169394106026
3,200,5,"H2OGBM_ElasticNet",1.74723056940825
3,200,5,"RF_Full",3.09663596197191
3,200,5,"XGBoost_Full",2.89811887081851
3,200,5,"LightGBM_Full",1.70565433786601
3,200,5,"CatBoost_Full",1.96169394106026
3,200,5,"H2OGBM_Full",1.74723056940825
4,200,5,"Ridge",2.51968073893166
4,200,5,"RF_Ridge",2.53610385198796
4,200,5,"XGBoost_Ridge",2.06066296787708
4,200,5,"LightGBM_Ridge",1.56283647211319
4,200,5,"CatBoost_Ridge",1.71136652700962
4,200,5,"H2OGBM_Ridge",1.55216826745274
4,200,5,"Lasso",2.54039280378657
4,200,5,"RF_Lasso",2.52189465422233
4,200,5,"XGBoost_Lasso",2.06066296787708
4,200,5,"LightGBM_Lasso",1.56283647211319
4,200,5,"CatBoost_Lasso",1.71136652700962
4,200,5,"H2OGBM_Lasso",1.55216826745274
4,200,5,"ElasticNet",2.54009338821185
4,200,5,"RF_ElasticNet",2.50103433950967
4,200,5,"XGBoost_ElasticNet",2.06066296787708
4,200,5,"LightGBM_ElasticNet",1.56283647211319
4,200,5,"CatBoost_ElasticNet",1.71136652700962
4,200,5,"H2OGBM_ElasticNet",1.55216826745274
4,200,5,"RF_Full",2.52318851986594
4,200,5,"XGBoost_Full",2.06066296787708
4,200,5,"LightGBM_Full",1.56283647211319
4,200,5,"CatBoost_Full",1.71136652700962
4,200,5,"H2OGBM_Full",1.55216826745274
5,200,5,"Ridge",2.19053502561086
5,200,5,"RF_Ridge",1.83156675195547
5,200,5,"XGBoost_Ridge",1.31819957491874
5,200,5,"LightGBM_Ridge",1.45980846092359
5,200,5,"CatBoost_Ridge",1.56281899793094
5,200,5,"H2OGBM_Ridge",1.33461838797643
5,200,5,"Lasso",2.23016708267262
5,200,5,"RF_Lasso",1.85956063900964
5,200,5,"XGBoost_Lasso",1.31819957491874
5,200,5,"LightGBM_Lasso",1.45980846092359
5,200,5,"CatBoost_Lasso",1.56281899793094
5,200,5,"H2OGBM_Lasso",1.33461838797643
5,200,5,"ElasticNet",2.23070849426803
5,200,5,"RF_ElasticNet",1.87218874225845
5,200,5,"XGBoost_ElasticNet",1.31819957491874
5,200,5,"LightGBM_ElasticNet",1.45980846092359
5,200,5,"CatBoost_ElasticNet",1.56281899793094
5,200,5,"H2OGBM_ElasticNet",1.33461838797643
5,200,5,"RF_Full",1.83825879245048
5,200,5,"XGBoost_Full",1.31819957491874
5,200,5,"LightGBM_Full",1.45980846092359
5,200,5,"CatBoost_Full",1.56281899793094
5,200,5,"H2OGBM_Full",1.33461838797643
6,200,5,"Ridge",2.625151789864
6,200,5,"RF_Ridge",1.99316453734242
6,200,5,"XGBoost_Ridge",1.62176231605318
6,200,5,"LightGBM_Ridge",1.60774189272553
6,200,5,"CatBoost_Ridge",1.45584626803015
6,200,5,"H2OGBM_Ridge",1.77356455518937
6,200,5,"Lasso",2.67215057285252
6,200,5,"RF_Lasso",2.30397004164113
6,200,5,"XGBoost_Lasso",2.19720639231107
6,200,5,"LightGBM_Lasso",2.43710204081355
6,200,5,"CatBoost_Lasso",2.33798686170703
6,200,5,"H2OGBM_Lasso",2.48105184558906
6,200,5,"ElasticNet",2.67056382501703
6,200,5,"RF_ElasticNet",2.27957832090143
6,200,5,"XGBoost_ElasticNet",2.19720639231107
6,200,5,"LightGBM_ElasticNet",2.43710204081355
6,200,5,"CatBoost_ElasticNet",2.33798686170703
6,200,5,"H2OGBM_ElasticNet",2.48105184558906
6,200,5,"RF_Full",1.95749837231851
6,200,5,"XGBoost_Full",1.62176231605318
6,200,5,"LightGBM_Full",1.60774189272553
6,200,5,"CatBoost_Full",1.45584626803015
6,200,5,"H2OGBM_Full",1.77356455518937
7,200,5,"Ridge",2.22043077099807
7,200,5,"RF_Ridge",2.41173131133332
7,200,5,"XGBoost_Ridge",2.04130818116085
7,200,5,"LightGBM_Ridge",1.60715045242823
7,200,5,"CatBoost_Ridge",1.23486453399328
7,200,5,"H2OGBM_Ridge",1.50123336005535
7,200,5,"Lasso",2.18580524330498
7,200,5,"RF_Lasso",2.40285994029015
7,200,5,"XGBoost_Lasso",2.04130818116085
7,200,5,"LightGBM_Lasso",1.60715045242823
7,200,5,"CatBoost_Lasso",1.23486453399328
7,200,5,"H2OGBM_Lasso",1.50123336005535
7,200,5,"ElasticNet",2.19698901919051
7,200,5,"RF_ElasticNet",2.34197222438524
7,200,5,"XGBoost_ElasticNet",2.04130818116085
7,200,5,"LightGBM_ElasticNet",1.60715045242823
7,200,5,"CatBoost_ElasticNet",1.23486453399328
7,200,5,"H2OGBM_ElasticNet",1.50123336005535
7,200,5,"RF_Full",2.46518579936213
7,200,5,"XGBoost_Full",2.04130818116085
7,200,5,"LightGBM_Full",1.60715045242823
7,200,5,"CatBoost_Full",1.23486453399328
7,200,5,"H2OGBM_Full",1.50123336005535
8,200,5,"Ridge",2.35028087762101
8,200,5,"RF_Ridge",2.7957453557088
8,200,5,"XGBoost_Ridge",2.29180173078944
8,200,5,"LightGBM_Ridge",2.0951543318652
8,200,5,"CatBoost_Ridge",1.80791074795439
8,200,5,"H2OGBM_Ridge",2.15562359610558
8,200,5,"Lasso",2.28723533889311
8,200,5,"RF_Lasso",2.86628749965986
8,200,5,"XGBoost_Lasso",2.29180173078944
8,200,5,"LightGBM_Lasso",2.0951543318652
8,200,5,"CatBoost_Lasso",1.80791074795439
8,200,5,"H2OGBM_Lasso",2.15562359610558
8,200,5,"ElasticNet",2.28802146985091
8,200,5,"RF_ElasticNet",2.8592252020462
8,200,5,"XGBoost_ElasticNet",2.29180173078944
8,200,5,"LightGBM_ElasticNet",2.0951543318652
8,200,5,"CatBoost_ElasticNet",1.80791074795439
8,200,5,"H2OGBM_ElasticNet",2.15562359610558
8,200,5,"RF_Full",2.79635524540684
8,200,5,"XGBoost_Full",2.29180173078944
8,200,5,"LightGBM_Full",2.0951543318652
8,200,5,"CatBoost_Full",1.80791074795439
8,200,5,"H2OGBM_Full",2.15562359610558
9,200,5,"Ridge",2.47468010443191
9,200,5,"RF_Ridge",2.28934483201943
9,200,5,"XGBoost_Ridge",2.16066418636732
9,200,5,"LightGBM_Ridge",1.57375240303338
9,200,5,"CatBoost_Ridge",1.79709154583545
9,200,5,"H2OGBM_Ridge",1.83742777078925
9,200,5,"Lasso",2.47563858974687
9,200,5,"RF_Lasso",2.28484056428774
9,200,5,"XGBoost_Lasso",2.16066418636732
9,200,5,"LightGBM_Lasso",1.57375240303338
9,200,5,"CatBoost_Lasso",1.79709154583545
9,200,5,"H2OGBM_Lasso",1.83742777078925
9,200,5,"ElasticNet",2.493482225805
9,200,5,"RF_ElasticNet",2.25199066502616
9,200,5,"XGBoost_ElasticNet",2.16066418636732
9,200,5,"LightGBM_ElasticNet",1.57375240303338
9,200,5,"CatBoost_ElasticNet",1.79709154583545
9,200,5,"H2OGBM_ElasticNet",1.83742777078925
9,200,5,"RF_Full",2.26425242868576
9,200,5,"XGBoost_Full",2.16066418636732
9,200,5,"LightGBM_Full",1.57375240303338
9,200,5,"CatBoost_Full",1.79709154583545
9,200,5,"H2OGBM_Full",1.83742777078925
10,200,5,"Ridge",2.38413284366936
10,200,5,"RF_Ridge",2.61523555997722
10,200,5,"XGBoost_Ridge",2.02235206212929
10,200,5,"LightGBM_Ridge",1.96391015451541
10,200,5,"CatBoost_Ridge",1.80667628611639
10,200,5,"H2OGBM_Ridge",1.91986794145608
10,200,5,"Lasso",2.39918711140634
10,200,5,"RF_Lasso",2.63644684297828
10,200,5,"XGBoost_Lasso",2.56255955046589
10,200,5,"LightGBM_Lasso",2.35813274192486
10,200,5,"CatBoost_Lasso",2.24614676032363
10,200,5,"H2OGBM_Lasso",2.43328011872924
10,200,5,"ElasticNet",2.39510353481064
10,200,5,"RF_ElasticNet",2.58915757247429
10,200,5,"XGBoost_ElasticNet",2.56255955046589
10,200,5,"LightGBM_ElasticNet",2.35813274192486
10,200,5,"CatBoost_ElasticNet",2.24614676032363
10,200,5,"H2OGBM_ElasticNet",2.43328011872924
10,200,5,"RF_Full",2.63503950887889
10,200,5,"XGBoost_Full",2.02235206212929
10,200,5,"LightGBM_Full",1.96391015451541
10,200,5,"CatBoost_Full",1.80667628611639
10,200,5,"H2OGBM_Full",1.91986794145608
1,200,10,"Ridge",2.85587539440879
1,200,10,"RF_Ridge",2.69179055940464
1,200,10,"XGBoost_Ridge",2.38701749335598
1,200,10,"LightGBM_Ridge",2.12782748357001
1,200,10,"CatBoost_Ridge",2.12179185691742
1,200,10,"H2OGBM_Ridge",2.35862398010443
1,200,10,"Lasso",2.89827938082974
1,200,10,"RF_Lasso",2.50386577031864
1,200,10,"XGBoost_Lasso",2.40684676046057
1,200,10,"LightGBM_Lasso",2.03423904638223
1,200,10,"CatBoost_Lasso",1.87247685863358
1,200,10,"H2OGBM_Lasso",2.34845306218989
1,200,10,"ElasticNet",2.87352619762073
1,200,10,"RF_ElasticNet",2.6686298034168
1,200,10,"XGBoost_ElasticNet",2.38701749335598
1,200,10,"LightGBM_ElasticNet",2.12782748357001
1,200,10,"CatBoost_ElasticNet",2.12179185691742
1,200,10,"H2OGBM_ElasticNet",2.35862398010443
1,200,10,"RF_Full",2.61031144092831
1,200,10,"XGBoost_Full",2.38701749335598
1,200,10,"LightGBM_Full",2.12782748357001
1,200,10,"CatBoost_Full",2.12179185691742
1,200,10,"H2OGBM_Full",2.35862398010443
2,200,10,"Ridge",2.93947996402696
2,200,10,"RF_Ridge",3.12391086793286
2,200,10,"XGBoost_Ridge",2.80388397496671
2,200,10,"LightGBM_Ridge",2.16831757899488
2,200,10,"CatBoost_Ridge",2.4826136299594
2,200,10,"H2OGBM_Ridge",2.46178429825243
2,200,10,"Lasso",2.90304039803244
2,200,10,"RF_Lasso",3.09643188166036
2,200,10,"XGBoost_Lasso",2.87955837046447
2,200,10,"LightGBM_Lasso",2.64807100065114
2,200,10,"CatBoost_Lasso",2.55801673165336
2,200,10,"H2OGBM_Lasso",2.82969422302261
2,200,10,"ElasticNet",2.93450788215247
2,200,10,"RF_ElasticNet",3.07186705239241
2,200,10,"XGBoost_ElasticNet",2.87955837046447
2,200,10,"LightGBM_ElasticNet",2.64807100065114
2,200,10,"CatBoost_ElasticNet",2.55801673165336
2,200,10,"H2OGBM_ElasticNet",2.82969422302261
2,200,10,"RF_Full",3.1216448564887
2,200,10,"XGBoost_Full",2.80388397496671
2,200,10,"LightGBM_Full",2.16831757899488
2,200,10,"CatBoost_Full",2.4826136299594
2,200,10,"H2OGBM_Full",2.46178429825243
3,200,10,"Ridge",2.45280403480074
3,200,10,"RF_Ridge",3.17986217055505
3,200,10,"XGBoost_Ridge",2.63056297026193
3,200,10,"LightGBM_Ridge",2.02316183422303
3,200,10,"CatBoost_Ridge",2.36706306777496
3,200,10,"H2OGBM_Ridge",2.29504701217471
3,200,10,"Lasso",2.45277649285322
3,200,10,"RF_Lasso",3.02048498920338
3,200,10,"XGBoost_Lasso",2.79292735030267
3,200,10,"LightGBM_Lasso",1.97418728463794
3,200,10,"CatBoost_Lasso",2.20949071151969
3,200,10,"H2OGBM_Lasso",2.32551048829501
3,200,10,"ElasticNet",2.4464868841649
3,200,10,"RF_ElasticNet",3.21321819970795
3,200,10,"XGBoost_ElasticNet",2.63056297026193
3,200,10,"LightGBM_ElasticNet",2.02316183422303
3,200,10,"CatBoost_ElasticNet",2.36706306777496
3,200,10,"H2OGBM_ElasticNet",2.29504701217471
3,200,10,"RF_Full",3.2397235523957
3,200,10,"XGBoost_Full",2.63056297026193
3,200,10,"LightGBM_Full",2.02316183422303
3,200,10,"CatBoost_Full",2.36706306777496
3,200,10,"H2OGBM_Full",2.29504701217471
4,200,10,"Ridge",2.77659195804942
4,200,10,"RF_Ridge",2.71166676648554
4,200,10,"XGBoost_Ridge",2.6346759433532
4,200,10,"LightGBM_Ridge",2.201374717802
4,200,10,"CatBoost_Ridge",1.99276446885037
4,200,10,"H2OGBM_Ridge",2.29495028348358
4,200,10,"Lasso",2.77145204194238
4,200,10,"RF_Lasso",2.67580964880119
4,200,10,"XGBoost_Lasso",2.60095765772354
4,200,10,"LightGBM_Lasso",2.49155828570923
4,200,10,"CatBoost_Lasso",2.30743265475421
4,200,10,"H2OGBM_Lasso",2.48560155565909
4,200,10,"ElasticNet",2.77757421723351
4,200,10,"RF_ElasticNet",2.7282742510425
4,200,10,"XGBoost_ElasticNet",2.60095765772354
4,200,10,"LightGBM_ElasticNet",2.49155828570923
4,200,10,"CatBoost_ElasticNet",2.30743265475421
4,200,10,"H2OGBM_ElasticNet",2.48560155565909
4,200,10,"RF_Full",2.67556236314261
4,200,10,"XGBoost_Full",2.6346759433532
4,200,10,"LightGBM_Full",2.201374717802
4,200,10,"CatBoost_Full",1.99276446885037
4,200,10,"H2OGBM_Full",2.29495028348358
5,200,10,"Ridge",2.16094703742027
5,200,10,"RF_Ridge",2.72473491694522
5,200,10,"XGBoost_Ridge",2.51288417707299
5,200,10,"LightGBM_Ridge",2.08293582150791
5,200,10,"CatBoost_Ridge",2.24397252269868
5,200,10,"H2OGBM_Ridge",2.24894958436312
5,200,10,"Lasso",2.19660125101805
5,200,10,"RF_Lasso",2.64970416494521
5,200,10,"XGBoost_Lasso",2.58521587888614
5,200,10,"LightGBM_Lasso",2.50413258437466
5,200,10,"CatBoost_Lasso",2.50473056093522
5,200,10,"H2OGBM_Lasso",2.50105464065879
5,200,10,"ElasticNet",2.17350856151174
5,200,10,"RF_ElasticNet",2.71957883007814
5,200,10,"XGBoost_ElasticNet",2.27737716073587
5,200,10,"LightGBM_ElasticNet",2.05597865012871
5,200,10,"CatBoost_ElasticNet",2.23195425654759
5,200,10,"H2OGBM_ElasticNet",2.27185893278036
5,200,10,"RF_Full",2.67216378383036
5,200,10,"XGBoost_Full",2.51288417707299
5,200,10,"LightGBM_Full",2.08293582150791
5,200,10,"CatBoost_Full",2.24397252269868
5,200,10,"H2OGBM_Full",2.24894958436312
6,200,10,"Ridge",2.94108242802712
6,200,10,"RF_Ridge",2.74588116619015
6,200,10,"XGBoost_Ridge",2.2947137892661
6,200,10,"LightGBM_Ridge",2.18362965367249
6,200,10,"CatBoost_Ridge",2.34206268404851
6,200,10,"H2OGBM_Ridge",1.91246374061102
6,200,10,"Lasso",2.93110433397378
6,200,10,"RF_Lasso",2.63002709879645
6,200,10,"XGBoost_Lasso",2.16998702504025
6,200,10,"LightGBM_Lasso",2.09950782464042
6,200,10,"CatBoost_Lasso",2.2096702895117
6,200,10,"H2OGBM_Lasso",1.92182671307787
6,200,10,"ElasticNet",2.92201566506011
6,200,10,"RF_ElasticNet",2.64231251261248
6,200,10,"XGBoost_ElasticNet",2.2776468148853
6,200,10,"LightGBM_ElasticNet",2.16432500237913
6,200,10,"CatBoost_ElasticNet",2.23589563290759
6,200,10,"H2OGBM_ElasticNet",1.79448007531838
6,200,10,"RF_Full",2.79339400588371
6,200,10,"XGBoost_Full",2.2947137892661
6,200,10,"LightGBM_Full",2.18362965367249
6,200,10,"CatBoost_Full",2.34206268404851
6,200,10,"H2OGBM_Full",1.91246374061102
7,200,10,"Ridge",2.39565590203155
7,200,10,"RF_Ridge",2.76831546749902
7,200,10,"XGBoost_Ridge",2.48358556414218
7,200,10,"LightGBM_Ridge",2.05273571841136
7,200,10,"CatBoost_Ridge",2.37031716036584
7,200,10,"H2OGBM_Ridge",2.05404049435405
7,200,10,"Lasso",2.32759251788714
7,200,10,"RF_Lasso",2.67712306685651
7,200,10,"XGBoost_Lasso",2.53763728681294
7,200,10,"LightGBM_Lasso",1.96769718019433
7,200,10,"CatBoost_Lasso",2.12120727626036
7,200,10,"H2OGBM_Lasso",1.98839264599318
7,200,10,"ElasticNet",2.35903345117574
7,200,10,"RF_ElasticNet",2.67583866049677
7,200,10,"XGBoost_ElasticNet",2.53763728681294
7,200,10,"LightGBM_ElasticNet",1.96769718019433
7,200,10,"CatBoost_ElasticNet",2.12120727626036
7,200,10,"H2OGBM_ElasticNet",1.98839264599318
7,200,10,"RF_Full",2.77424528635689
7,200,10,"XGBoost_Full",2.48358556414218
7,200,10,"LightGBM_Full",2.05273571841136
7,200,10,"CatBoost_Full",2.37031716036584
7,200,10,"H2OGBM_Full",2.05404049435405
8,200,10,"Ridge",2.7806252508078
8,200,10,"RF_Ridge",2.89118204123285
8,200,10,"XGBoost_Ridge",2.81997048720366
8,200,10,"LightGBM_Ridge",2.08784445875985
8,200,10,"CatBoost_Ridge",2.52557888144648
8,200,10,"H2OGBM_Ridge",2.44095705556374
8,200,10,"Lasso",2.76837231717614
8,200,10,"RF_Lasso",2.94265012947631
8,200,10,"XGBoost_Lasso",2.47566928113168
8,200,10,"LightGBM_Lasso",2.07881332921126
8,200,10,"CatBoost_Lasso",2.32075890073823
8,200,10,"H2OGBM_Lasso",2.3838632697817
8,200,10,"ElasticNet",2.76853285772499
8,200,10,"RF_ElasticNet",2.86363938195979
8,200,10,"XGBoost_ElasticNet",2.47566928113168
8,200,10,"LightGBM_ElasticNet",2.07881332921126
8,200,10,"CatBoost_ElasticNet",2.32075890073823
8,200,10,"H2OGBM_ElasticNet",2.3838632697817
8,200,10,"RF_Full",2.85636436082115
8,200,10,"XGBoost_Full",2.81997048720366
8,200,10,"LightGBM_Full",2.08784445875985
8,200,10,"CatBoost_Full",2.52557888144648
8,200,10,"H2OGBM_Full",2.44095705556374
9,200,10,"Ridge",2.34746821051038
9,200,10,"RF_Ridge",2.71226389916321
9,200,10,"XGBoost_Ridge",2.41562414533556
9,200,10,"LightGBM_Ridge",2.30695688897562
9,200,10,"CatBoost_Ridge",2.29619680895598
9,200,10,"H2OGBM_Ridge",2.00933602602824
9,200,10,"Lasso",2.41679197605716
9,200,10,"RF_Lasso",2.75946987771732
9,200,10,"XGBoost_Lasso",2.17079960587042
9,200,10,"LightGBM_Lasso",2.21290791783604
9,200,10,"CatBoost_Lasso",2.22987216589334
9,200,10,"H2OGBM_Lasso",2.09491649921017
9,200,10,"ElasticNet",2.32025668016997
9,200,10,"RF_ElasticNet",2.75058995107264
9,200,10,"XGBoost_ElasticNet",2.41562414533556
9,200,10,"LightGBM_ElasticNet",2.30695688897562
9,200,10,"CatBoost_ElasticNet",2.29619680895598
9,200,10,"H2OGBM_ElasticNet",2.00933602602824
9,200,10,"RF_Full",2.72267664817237
9,200,10,"XGBoost_Full",2.41562414533556
9,200,10,"LightGBM_Full",2.30695688897562
9,200,10,"CatBoost_Full",2.29619680895598
9,200,10,"H2OGBM_Full",2.00933602602824
10,200,10,"Ridge",2.2615959334901
10,200,10,"RF_Ridge",2.53261400093365
10,200,10,"XGBoost_Ridge",2.34516509851617
10,200,10,"LightGBM_Ridge",2.14388256366421
10,200,10,"CatBoost_Ridge",1.92396366025662
10,200,10,"H2OGBM_Ridge",2.22378376254757
10,200,10,"Lasso",2.27249401873518
10,200,10,"RF_Lasso",2.43436606504859
10,200,10,"XGBoost_Lasso",2.56891925332393
10,200,10,"LightGBM_Lasso",1.99107732957373
10,200,10,"CatBoost_Lasso",1.91164530282936
10,200,10,"H2OGBM_Lasso",2.1906433319311
10,200,10,"ElasticNet",2.29403236212221
10,200,10,"RF_ElasticNet",2.49238218349323
10,200,10,"XGBoost_ElasticNet",2.56891925332393
10,200,10,"LightGBM_ElasticNet",1.99107732957373
10,200,10,"CatBoost_ElasticNet",1.91164530282936
10,200,10,"H2OGBM_ElasticNet",2.1906433319311
10,200,10,"RF_Full",2.55344638483246
10,200,10,"XGBoost_Full",2.34516509851617
10,200,10,"LightGBM_Full",2.14388256366421
10,200,10,"CatBoost_Full",1.92396366025662
10,200,10,"H2OGBM_Full",2.22378376254757
1,200,50,"Ridge",2.54692294953925
1,200,50,"RF_Ridge",2.98844960897769
1,200,50,"XGBoost_Ridge",2.91534264552541
1,200,50,"LightGBM_Ridge",1.96891097315248
1,200,50,"CatBoost_Ridge",2.6619371116058
1,200,50,"H2OGBM_Ridge",2.31359297231479
1,200,50,"Lasso",2.48012937388037
1,200,50,"RF_Lasso",2.75987013536014
1,200,50,"XGBoost_Lasso",2.61262315317173
1,200,50,"LightGBM_Lasso",2.03934581169227
1,200,50,"CatBoost_Lasso",2.41815594212821
1,200,50,"H2OGBM_Lasso",2.29508843044967
1,200,50,"ElasticNet",2.44849747247685
1,200,50,"RF_ElasticNet",2.85699055669904
1,200,50,"XGBoost_ElasticNet",2.90803551547912
1,200,50,"LightGBM_ElasticNet",1.93636089970801
1,200,50,"CatBoost_ElasticNet",2.54388518483276
1,200,50,"H2OGBM_ElasticNet",2.25276435787986
1,200,50,"RF_Full",2.98955742449717
1,200,50,"XGBoost_Full",2.91534264552541
1,200,50,"LightGBM_Full",1.96891097315248
1,200,50,"CatBoost_Full",2.6619371116058
1,200,50,"H2OGBM_Full",2.31359297231479
2,200,50,"Ridge",3.4921503565023
2,200,50,"RF_Ridge",3.37079330224261
2,200,50,"XGBoost_Ridge",2.67622255008252
2,200,50,"LightGBM_Ridge",2.26270162853229
2,200,50,"CatBoost_Ridge",2.65639666076241
2,200,50,"H2OGBM_Ridge",2.14238993422429
2,200,50,"Lasso",3.08549868848286
2,200,50,"RF_Lasso",2.77265949179826
2,200,50,"XGBoost_Lasso",2.52705039253334
2,200,50,"LightGBM_Lasso",2.73912873584282
2,200,50,"CatBoost_Lasso",2.07135620582698
2,200,50,"H2OGBM_Lasso",2.33689627429604
2,200,50,"ElasticNet",3.17678699448953
2,200,50,"RF_ElasticNet",3.1113348466386
2,200,50,"XGBoost_ElasticNet",2.62108677747322
2,200,50,"LightGBM_ElasticNet",2.53599179313339
2,200,50,"CatBoost_ElasticNet",2.50918466890307
2,200,50,"H2OGBM_ElasticNet",2.52337476329823
2,200,50,"RF_Full",3.31595052756365
2,200,50,"XGBoost_Full",2.67622255008252
2,200,50,"LightGBM_Full",2.26270162853229
2,200,50,"CatBoost_Full",2.65639666076241
2,200,50,"H2OGBM_Full",2.14238993422429
3,200,50,"Ridge",2.96750440849859
3,200,50,"RF_Ridge",3.13674446656654
3,200,50,"XGBoost_Ridge",2.86585074742643
3,200,50,"LightGBM_Ridge",2.09549103933243
3,200,50,"CatBoost_Ridge",2.39178851504196
3,200,50,"H2OGBM_Ridge",2.32348477728015
3,200,50,"Lasso",2.75676113843343
3,200,50,"RF_Lasso",2.76675963425187
3,200,50,"XGBoost_Lasso",3.02677959640461
3,200,50,"LightGBM_Lasso",2.51275577368614
3,200,50,"CatBoost_Lasso",2.5177177013856
3,200,50,"H2OGBM_Lasso",2.67610359391795
3,200,50,"ElasticNet",2.8002133023418
3,200,50,"RF_ElasticNet",3.00305138842622
3,200,50,"XGBoost_ElasticNet",2.89932423232509
3,200,50,"LightGBM_ElasticNet",2.51136332027375
3,200,50,"CatBoost_ElasticNet",2.43837677117031
3,200,50,"H2OGBM_ElasticNet",2.58236068156158
3,200,50,"RF_Full",3.08874057472452
3,200,50,"XGBoost_Full",2.86585074742643
3,200,50,"LightGBM_Full",2.09549103933243
3,200,50,"CatBoost_Full",2.39178851504196
3,200,50,"H2OGBM_Full",2.32348477728015
4,200,50,"Ridge",3.70228384002269
4,200,50,"RF_Ridge",4.3265259399304
4,200,50,"XGBoost_Ridge",3.72608445037217
4,200,50,"LightGBM_Ridge",2.81185061526609
4,200,50,"CatBoost_Ridge",3.79657695885815
4,200,50,"H2OGBM_Ridge",3.25244935452696
4,200,50,"Lasso",3.3521811612992
4,200,50,"RF_Lasso",4.17774406629438
4,200,50,"XGBoost_Lasso",4.2184265717227
4,200,50,"LightGBM_Lasso",3.22413526734915
4,200,50,"CatBoost_Lasso",3.68586061149487
4,200,50,"H2OGBM_Lasso",3.13123558164926
4,200,50,"ElasticNet",3.39491145074897
4,200,50,"RF_ElasticNet",4.1917810442457
4,200,50,"XGBoost_ElasticNet",3.98883391839929
4,200,50,"LightGBM_ElasticNet",3.16705439018314
4,200,50,"CatBoost_ElasticNet",3.74901374222982
4,200,50,"H2OGBM_ElasticNet",3.14823985028513
4,200,50,"RF_Full",4.28493002558468
4,200,50,"XGBoost_Full",3.72608445037217
4,200,50,"LightGBM_Full",2.81185061526609
4,200,50,"CatBoost_Full",3.79657695885815
4,200,50,"H2OGBM_Full",3.25244935452696
5,200,50,"Ridge",3.09777275118355
5,200,50,"RF_Ridge",3.13285926193493
5,200,50,"XGBoost_Ridge",3.09606136361529
5,200,50,"LightGBM_Ridge",2.69687882298746
5,200,50,"CatBoost_Ridge",2.84357186656996
5,200,50,"H2OGBM_Ridge",2.89856744306704
5,200,50,"Lasso",2.70667260950254
5,200,50,"RF_Lasso",2.95268329749746
5,200,50,"XGBoost_Lasso",3.24873304228023
5,200,50,"LightGBM_Lasso",2.65333919965641
5,200,50,"CatBoost_Lasso",2.57391901309186
5,200,50,"H2OGBM_Lasso",2.51619275088598
5,200,50,"ElasticNet",2.7256398431583
5,200,50,"RF_ElasticNet",3.0579319377565
5,200,50,"XGBoost_ElasticNet",3.27115571707424
5,200,50,"LightGBM_ElasticNet",2.95420133169868
5,200,50,"CatBoost_ElasticNet",2.71035620804777
5,200,50,"H2OGBM_ElasticNet",2.94623414789998
5,200,50,"RF_Full",3.11977524260515
5,200,50,"XGBoost_Full",3.09606136361529
5,200,50,"LightGBM_Full",2.69687882298746
5,200,50,"CatBoost_Full",2.84357186656996
5,200,50,"H2OGBM_Full",2.89856744306704
6,200,50,"Ridge",2.97032112148366
6,200,50,"RF_Ridge",3.04607074105373
6,200,50,"XGBoost_Ridge",2.58386229212339
6,200,50,"LightGBM_Ridge",2.0477416519107
6,200,50,"CatBoost_Ridge",2.49995152283029
6,200,50,"H2OGBM_Ridge",2.22560474154199
6,200,50,"Lasso",2.66041762329379
6,200,50,"RF_Lasso",2.75790249328754
6,200,50,"XGBoost_Lasso",2.32833362668689
6,200,50,"LightGBM_Lasso",2.01858472756475
6,200,50,"CatBoost_Lasso",2.22573041381091
6,200,50,"H2OGBM_Lasso",2.08324928666612
6,200,50,"ElasticNet",2.71726777991985
6,200,50,"RF_ElasticNet",2.85747695298706
6,200,50,"XGBoost_ElasticNet",2.38128065342004
6,200,50,"LightGBM_ElasticNet",2.0361207545991
6,200,50,"CatBoost_ElasticNet",2.13028171856693
6,200,50,"H2OGBM_ElasticNet",2.03220835881267
6,200,50,"RF_Full",3.03210554092439
6,200,50,"XGBoost_Full",2.58386229212339
6,200,50,"LightGBM_Full",2.0477416519107
6,200,50,"CatBoost_Full",2.49995152283029
6,200,50,"H2OGBM_Full",2.22560474154199
7,200,50,"Ridge",2.78987197771633
7,200,50,"RF_Ridge",2.60496361045058
7,200,50,"XGBoost_Ridge",2.6025333113712
7,200,50,"LightGBM_Ridge",2.05786386799794
7,200,50,"CatBoost_Ridge",2.33355016684282
7,200,50,"H2OGBM_Ridge",2.58982228871736
7,200,50,"Lasso",2.40593999161173
7,200,50,"RF_Lasso",2.49783103707002
7,200,50,"XGBoost_Lasso",2.51114125567074
7,200,50,"LightGBM_Lasso",2.65028763534829
7,200,50,"CatBoost_Lasso",2.22396640806122
7,200,50,"H2OGBM_Lasso",2.81101446437193
7,200,50,"ElasticNet",2.43786122092111
7,200,50,"RF_ElasticNet",2.38277112032434
7,200,50,"XGBoost_ElasticNet",2.42726499685268
7,200,50,"LightGBM_ElasticNet",2.04880639432108
7,200,50,"CatBoost_ElasticNet",2.04211414896135
7,200,50,"H2OGBM_ElasticNet",2.16014535730832
7,200,50,"RF_Full",2.64226786164192
7,200,50,"XGBoost_Full",2.6025333113712
7,200,50,"LightGBM_Full",2.05786386799794
7,200,50,"CatBoost_Full",2.33355016684282
7,200,50,"H2OGBM_Full",2.58982228871736
8,200,50,"Ridge",3.04301469198026
8,200,50,"RF_Ridge",2.97711049049341
8,200,50,"XGBoost_Ridge",2.98733668972881
8,200,50,"LightGBM_Ridge",2.10301164140596
8,200,50,"CatBoost_Ridge",2.59942642922153
8,200,50,"H2OGBM_Ridge",2.30774862181187
8,200,50,"Lasso",2.75156501855002
8,200,50,"RF_Lasso",2.60311725915758
8,200,50,"XGBoost_Lasso",2.63106343856959
8,200,50,"LightGBM_Lasso",1.95371498146516
8,200,50,"CatBoost_Lasso",2.09053143969934
8,200,50,"H2OGBM_Lasso",1.84118454639138
8,200,50,"ElasticNet",2.76721107044639
8,200,50,"RF_ElasticNet",2.67984166339187
8,200,50,"XGBoost_ElasticNet",2.71591265067863
8,200,50,"LightGBM_ElasticNet",1.99612817233428
8,200,50,"CatBoost_ElasticNet",2.24374716123782
8,200,50,"H2OGBM_ElasticNet",1.8621957354771
8,200,50,"RF_Full",3.04555286633367
8,200,50,"XGBoost_Full",2.98733668972881
8,200,50,"LightGBM_Full",2.10301164140596
8,200,50,"CatBoost_Full",2.59942642922153
8,200,50,"H2OGBM_Full",2.30774862181187
9,200,50,"Ridge",3.13172704921554
9,200,50,"RF_Ridge",3.46890093929847
9,200,50,"XGBoost_Ridge",3.10497078440123
9,200,50,"LightGBM_Ridge",2.38833681433239
9,200,50,"CatBoost_Ridge",2.90428989247774
9,200,50,"H2OGBM_Ridge",2.49603722000802
9,200,50,"Lasso",2.84298948531262
9,200,50,"RF_Lasso",3.16110688847313
9,200,50,"XGBoost_Lasso",2.76513573447976
9,200,50,"LightGBM_Lasso",2.1380189096698
9,200,50,"CatBoost_Lasso",2.71260988359805
9,200,50,"H2OGBM_Lasso",2.48574078684391
9,200,50,"ElasticNet",2.89390184502786
9,200,50,"RF_ElasticNet",3.14677056616119
9,200,50,"XGBoost_ElasticNet",2.6940936184504
9,200,50,"LightGBM_ElasticNet",2.12473246281832
9,200,50,"CatBoost_ElasticNet",2.62089280623846
9,200,50,"H2OGBM_ElasticNet",2.57401929755289
9,200,50,"RF_Full",3.4299019213365
9,200,50,"XGBoost_Full",3.10497078440123
9,200,50,"LightGBM_Full",2.38833681433239
9,200,50,"CatBoost_Full",2.90428989247774
9,200,50,"H2OGBM_Full",2.49603722000802
10,200,50,"Ridge",2.88015594469331
10,200,50,"RF_Ridge",2.52338274809863
10,200,50,"XGBoost_Ridge",2.51917033421747
10,200,50,"LightGBM_Ridge",1.95864823848062
10,200,50,"CatBoost_Ridge",2.36418910615957
10,200,50,"H2OGBM_Ridge",2.04198857020595
10,200,50,"Lasso",2.69760505000376
10,200,50,"RF_Lasso",2.60841973267197
10,200,50,"XGBoost_Lasso",2.64789880098699
10,200,50,"LightGBM_Lasso",2.46203383339623
10,200,50,"CatBoost_Lasso",2.4995307252314
10,200,50,"H2OGBM_Lasso",2.55470545601861
10,200,50,"ElasticNet",2.7220267215809
10,200,50,"RF_ElasticNet",2.41546239054986
10,200,50,"XGBoost_ElasticNet",2.36950317105553
10,200,50,"LightGBM_ElasticNet",1.92245325385405
10,200,50,"CatBoost_ElasticNet",1.85797183452694
10,200,50,"H2OGBM_ElasticNet",2.04106959505003
10,200,50,"RF_Full",2.61853213300439
10,200,50,"XGBoost_Full",2.51917033421747
10,200,50,"LightGBM_Full",1.95864823848062
10,200,50,"CatBoost_Full",2.36418910615957
10,200,50,"H2OGBM_Full",2.04198857020595
1,500,5,"Ridge",2.41830566798887
1,500,5,"RF_Ridge",2.23758990536843
1,500,5,"XGBoost_Ridge",1.72614638280434
1,500,5,"LightGBM_Ridge",1.47286143034695
1,500,5,"CatBoost_Ridge",1.32753760334608
1,500,5,"H2OGBM_Ridge",1.56988144235891
1,500,5,"Lasso",2.36390511225646
1,500,5,"RF_Lasso",2.24501019988944
1,500,5,"XGBoost_Lasso",1.72614638280434
1,500,5,"LightGBM_Lasso",1.47286143034695
1,500,5,"CatBoost_Lasso",1.32753760334608
1,500,5,"H2OGBM_Lasso",1.56988144235891
1,500,5,"ElasticNet",2.3642069613998
1,500,5,"RF_ElasticNet",2.25617342954963
1,500,5,"XGBoost_ElasticNet",1.72614638280434
1,500,5,"LightGBM_ElasticNet",1.47286143034695
1,500,5,"CatBoost_ElasticNet",1.32753760334608
1,500,5,"H2OGBM_ElasticNet",1.56988144235891
1,500,5,"RF_Full",2.24683717628801
1,500,5,"XGBoost_Full",1.72614638280434
1,500,5,"LightGBM_Full",1.47286143034695
1,500,5,"CatBoost_Full",1.32753760334608
1,500,5,"H2OGBM_Full",1.56988144235891
2,500,5,"Ridge",2.66731359524549
2,500,5,"RF_Ridge",2.2056287824176
2,500,5,"XGBoost_Ridge",1.88200483456737
2,500,5,"LightGBM_Ridge",1.53020003987936
2,500,5,"CatBoost_Ridge",1.39268031382941
2,500,5,"H2OGBM_Ridge",1.66844716552663
2,500,5,"Lasso",2.66480468344614
2,500,5,"RF_Lasso",2.21325033403003
2,500,5,"XGBoost_Lasso",2.20142852287812
2,500,5,"LightGBM_Lasso",2.01538026814925
2,500,5,"CatBoost_Lasso",1.93432518157388
2,500,5,"H2OGBM_Lasso",2.11276360698391
2,500,5,"ElasticNet",2.66686897390728
2,500,5,"RF_ElasticNet",2.22698738712967
2,500,5,"XGBoost_ElasticNet",2.20142852287812
2,500,5,"LightGBM_ElasticNet",2.01538026814925
2,500,5,"CatBoost_ElasticNet",1.93432518157388
2,500,5,"H2OGBM_ElasticNet",2.11276360698391
2,500,5,"RF_Full",2.24027659674544
2,500,5,"XGBoost_Full",1.88200483456737
2,500,5,"LightGBM_Full",1.53020003987936
2,500,5,"CatBoost_Full",1.39268031382941
2,500,5,"H2OGBM_Full",1.66844716552663
3,500,5,"Ridge",2.516408125362
3,500,5,"RF_Ridge",2.38148924806105
3,500,5,"XGBoost_Ridge",1.77838024169937
3,500,5,"LightGBM_Ridge",1.55136619345298
3,500,5,"CatBoost_Ridge",1.42753160045744
3,500,5,"H2OGBM_Ridge",1.72441645058996
3,500,5,"Lasso",2.47680732096396
3,500,5,"RF_Lasso",2.39991724462438
3,500,5,"XGBoost_Lasso",1.77838024169937
3,500,5,"LightGBM_Lasso",1.55136619345298
3,500,5,"CatBoost_Lasso",1.42753160045744
3,500,5,"H2OGBM_Lasso",1.72441645058996
3,500,5,"ElasticNet",2.47701924758021
3,500,5,"RF_ElasticNet",2.42489544740809
3,500,5,"XGBoost_ElasticNet",1.77838024169937
3,500,5,"LightGBM_ElasticNet",1.55136619345298
3,500,5,"CatBoost_ElasticNet",1.42753160045744
3,500,5,"H2OGBM_ElasticNet",1.72441645058996
3,500,5,"RF_Full",2.40695697280136
3,500,5,"XGBoost_Full",1.77838024169937
3,500,5,"LightGBM_Full",1.55136619345298
3,500,5,"CatBoost_Full",1.42753160045744
3,500,5,"H2OGBM_Full",1.72441645058996
4,500,5,"Ridge",2.42756869364127
4,500,5,"RF_Ridge",2.06117970755156
4,500,5,"XGBoost_Ridge",2.28659320201657
4,500,5,"LightGBM_Ridge",1.60858775711632
4,500,5,"CatBoost_Ridge",1.59583033648575
4,500,5,"H2OGBM_Ridge",1.73819261698553
4,500,5,"Lasso",2.43251754418697
4,500,5,"RF_Lasso",2.09080573189298
4,500,5,"XGBoost_Lasso",2.28659320201657
4,500,5,"LightGBM_Lasso",1.60858775711632
4,500,5,"CatBoost_Lasso",1.59583033648575
4,500,5,"H2OGBM_Lasso",1.73819261698553
4,500,5,"ElasticNet",2.43211472655172
4,500,5,"RF_ElasticNet",2.09305593220533
4,500,5,"XGBoost_ElasticNet",2.28659320201657
4,500,5,"LightGBM_ElasticNet",1.60858775711632
4,500,5,"CatBoost_ElasticNet",1.59583033648575
4,500,5,"H2OGBM_ElasticNet",1.73819261698553
4,500,5,"RF_Full",2.06739421432359
4,500,5,"XGBoost_Full",2.28659320201657
4,500,5,"LightGBM_Full",1.60858775711632
4,500,5,"CatBoost_Full",1.59583033648575
4,500,5,"H2OGBM_Full",1.73819261698553
5,500,5,"Ridge",2.63923900133598
5,500,5,"RF_Ridge",2.2268621728664
5,500,5,"XGBoost_Ridge",1.78744326891354
5,500,5,"LightGBM_Ridge",1.52366217188994
5,500,5,"CatBoost_Ridge",1.32827486182544
5,500,5,"H2OGBM_Ridge",1.61479251081992
5,500,5,"Lasso",2.62160727145471
5,500,5,"RF_Lasso",2.21162705884253
5,500,5,"XGBoost_Lasso",1.78744326891354
5,500,5,"LightGBM_Lasso",1.52366217188994
5,500,5,"CatBoost_Lasso",1.32827486182544
5,500,5,"H2OGBM_Lasso",1.61479251081992
5,500,5,"ElasticNet",2.62188241054877
5,500,5,"RF_ElasticNet",2.19685249320349
5,500,5,"XGBoost_ElasticNet",1.78744326891354
5,500,5,"LightGBM_ElasticNet",1.52366217188994
5,500,5,"CatBoost_ElasticNet",1.32827486182544
5,500,5,"H2OGBM_ElasticNet",1.61479251081992
5,500,5,"RF_Full",2.22853482179934
5,500,5,"XGBoost_Full",1.78744326891354
5,500,5,"LightGBM_Full",1.52366217188994
5,500,5,"CatBoost_Full",1.32827486182544
5,500,5,"H2OGBM_Full",1.61479251081992
6,500,5,"Ridge",2.43793854983424
6,500,5,"RF_Ridge",2.21041014892927
6,500,5,"XGBoost_Ridge",1.88256128214444
6,500,5,"LightGBM_Ridge",1.64173817443002
6,500,5,"CatBoost_Ridge",1.46384083232525
6,500,5,"H2OGBM_Ridge",1.70178177870032
6,500,5,"Lasso",2.42150224759456
6,500,5,"RF_Lasso",2.46250122679215
6,500,5,"XGBoost_Lasso",2.7394124454036
6,500,5,"LightGBM_Lasso",2.37806911745236
6,500,5,"CatBoost_Lasso",2.39281272309814
6,500,5,"H2OGBM_Lasso",2.55756530815929
6,500,5,"ElasticNet",2.41977836415116
6,500,5,"RF_ElasticNet",2.46731376129195
6,500,5,"XGBoost_ElasticNet",2.7394124454036
6,500,5,"LightGBM_ElasticNet",2.37806911745236
6,500,5,"CatBoost_ElasticNet",2.39281272309814
6,500,5,"H2OGBM_ElasticNet",2.55756530815929
6,500,5,"RF_Full",2.20446398386873
6,500,5,"XGBoost_Full",1.88256128214444
6,500,5,"LightGBM_Full",1.64173817443002
6,500,5,"CatBoost_Full",1.46384083232525
6,500,5,"H2OGBM_Full",1.70178177870032
7,500,5,"Ridge",2.87309164896035
7,500,5,"RF_Ridge",2.36987365015451
7,500,5,"XGBoost_Ridge",2.07858682725341
7,500,5,"LightGBM_Ridge",1.70832914981828
7,500,5,"CatBoost_Ridge",1.57018145043017
7,500,5,"H2OGBM_Ridge",1.81541381171818
7,500,5,"Lasso",2.86464340851585
7,500,5,"RF_Lasso",2.35037630634988
7,500,5,"XGBoost_Lasso",2.07858682725341
7,500,5,"LightGBM_Lasso",1.70832914981828
7,500,5,"CatBoost_Lasso",1.57018145043017
7,500,5,"H2OGBM_Lasso",1.81541381171818
7,500,5,"ElasticNet",2.87077702152284
7,500,5,"RF_ElasticNet",2.3791880920072
7,500,5,"XGBoost_ElasticNet",2.07858682725341
7,500,5,"LightGBM_ElasticNet",1.70832914981828
7,500,5,"CatBoost_ElasticNet",1.57018145043017
7,500,5,"H2OGBM_ElasticNet",1.81541381171818
7,500,5,"RF_Full",2.35867524500064
7,500,5,"XGBoost_Full",2.07858682725341
7,500,5,"LightGBM_Full",1.70832914981828
7,500,5,"CatBoost_Full",1.57018145043017
7,500,5,"H2OGBM_Full",1.81541381171818
8,500,5,"Ridge",2.55824827791797
8,500,5,"RF_Ridge",2.40791310390271
8,500,5,"XGBoost_Ridge",1.88498796182784
8,500,5,"LightGBM_Ridge",1.51836828731407
8,500,5,"CatBoost_Ridge",1.44697365308365
8,500,5,"H2OGBM_Ridge",1.59809616601837
8,500,5,"Lasso",2.50954729477693
8,500,5,"RF_Lasso",2.42929221291271
8,500,5,"XGBoost_Lasso",1.88498796182784
8,500,5,"LightGBM_Lasso",1.51836828731407
8,500,5,"CatBoost_Lasso",1.44697365308365
8,500,5,"H2OGBM_Lasso",1.59809616601837
8,500,5,"ElasticNet",2.50990509705035
8,500,5,"RF_ElasticNet",2.41587950842136
8,500,5,"XGBoost_ElasticNet",1.88498796182784
8,500,5,"LightGBM_ElasticNet",1.51836828731407
8,500,5,"CatBoost_ElasticNet",1.44697365308365
8,500,5,"H2OGBM_ElasticNet",1.59809616601837
8,500,5,"RF_Full",2.40788693482217
8,500,5,"XGBoost_Full",1.88498796182784
8,500,5,"LightGBM_Full",1.51836828731407
8,500,5,"CatBoost_Full",1.44697365308365
8,500,5,"H2OGBM_Full",1.59809616601837
9,500,5,"Ridge",2.59369093881405
9,500,5,"RF_Ridge",2.21108772681398
9,500,5,"XGBoost_Ridge",1.75651123650595
9,500,5,"LightGBM_Ridge",1.57472490291673
9,500,5,"CatBoost_Ridge",1.3339409494648
9,500,5,"H2OGBM_Ridge",1.5730325427927
9,500,5,"Lasso",2.60851364039455
9,500,5,"RF_Lasso",2.20060333863438
9,500,5,"XGBoost_Lasso",1.75651123650595
9,500,5,"LightGBM_Lasso",1.57472490291673
9,500,5,"CatBoost_Lasso",1.3339409494648
9,500,5,"H2OGBM_Lasso",1.5730325427927
9,500,5,"ElasticNet",2.6084759507532
9,500,5,"RF_ElasticNet",2.1843085624959
9,500,5,"XGBoost_ElasticNet",1.75651123650595
9,500,5,"LightGBM_ElasticNet",1.57472490291673
9,500,5,"CatBoost_ElasticNet",1.3339409494648
9,500,5,"H2OGBM_ElasticNet",1.5730325427927
9,500,5,"RF_Full",2.18036344923124
9,500,5,"XGBoost_Full",1.75651123650595
9,500,5,"LightGBM_Full",1.57472490291673
9,500,5,"CatBoost_Full",1.3339409494648
9,500,5,"H2OGBM_Full",1.5730325427927
10,500,5,"Ridge",2.63828423492378
10,500,5,"RF_Ridge",2.1434223969336
10,500,5,"XGBoost_Ridge",1.869557089986
10,500,5,"LightGBM_Ridge",1.41785047361555
10,500,5,"CatBoost_Ridge",1.40750503514944
10,500,5,"H2OGBM_Ridge",1.68253810464042
10,500,5,"Lasso",2.62898886120773
10,500,5,"RF_Lasso",2.37953620780726
10,500,5,"XGBoost_Lasso",2.28295571389417
10,500,5,"LightGBM_Lasso",2.03926338879553
10,500,5,"CatBoost_Lasso",1.95267805341146
10,500,5,"H2OGBM_Lasso",2.08506302906753
10,500,5,"ElasticNet",2.63141810596743
10,500,5,"RF_ElasticNet",2.12797024372224
10,500,5,"XGBoost_ElasticNet",1.869557089986
10,500,5,"LightGBM_ElasticNet",1.41785047361555
10,500,5,"CatBoost_ElasticNet",1.40750503514944
10,500,5,"H2OGBM_ElasticNet",1.68253810464042
10,500,5,"RF_Full",2.12601129051929
10,500,5,"XGBoost_Full",1.869557089986
10,500,5,"LightGBM_Full",1.41785047361555
10,500,5,"CatBoost_Full",1.40750503514944
10,500,5,"H2OGBM_Full",1.68253810464042
1,500,10,"Ridge",2.43860239757112
1,500,10,"RF_Ridge",2.45913594276155
1,500,10,"XGBoost_Ridge",2.11714105049371
1,500,10,"LightGBM_Ridge",1.76388678502403
1,500,10,"CatBoost_Ridge",1.53567014813619
1,500,10,"H2OGBM_Ridge",1.79172084069794
1,500,10,"Lasso",2.38362898284276
1,500,10,"RF_Lasso",2.43930493456245
1,500,10,"XGBoost_Lasso",1.96757283630345
1,500,10,"LightGBM_Lasso",1.65878570151986
1,500,10,"CatBoost_Lasso",1.5590623423979
1,500,10,"H2OGBM_Lasso",1.66733434734208
1,500,10,"ElasticNet",2.39256506830771
1,500,10,"RF_ElasticNet",2.43560853102707
1,500,10,"XGBoost_ElasticNet",1.96757283630345
1,500,10,"LightGBM_ElasticNet",1.65878570151986
1,500,10,"CatBoost_ElasticNet",1.5590623423979
1,500,10,"H2OGBM_ElasticNet",1.66733434734208
1,500,10,"RF_Full",2.45722617865619
1,500,10,"XGBoost_Full",2.11714105049371
1,500,10,"LightGBM_Full",1.76388678502403
1,500,10,"CatBoost_Full",1.53567014813619
1,500,10,"H2OGBM_Full",1.79172084069794
2,500,10,"Ridge",2.9727353123734
2,500,10,"RF_Ridge",2.57521605067564
2,500,10,"XGBoost_Ridge",2.0808934769995
2,500,10,"LightGBM_Ridge",1.99589222794426
2,500,10,"CatBoost_Ridge",1.58878259019516
2,500,10,"H2OGBM_Ridge",1.88519136379503
2,500,10,"Lasso",2.9538137971811
2,500,10,"RF_Lasso",2.80142205255316
2,500,10,"XGBoost_Lasso",2.44088601757963
2,500,10,"LightGBM_Lasso",2.42824919790477
2,500,10,"CatBoost_Lasso",2.38494169936167
2,500,10,"H2OGBM_Lasso",2.39896491840997
2,500,10,"ElasticNet",2.95661621636011
2,500,10,"RF_ElasticNet",2.36159954317597
2,500,10,"XGBoost_ElasticNet",2.11008070014525
2,500,10,"LightGBM_ElasticNet",1.81122551849295
2,500,10,"CatBoost_ElasticNet",1.71629734916884
2,500,10,"H2OGBM_ElasticNet",1.75673268128522
2,500,10,"RF_Full",2.57786017883376
2,500,10,"XGBoost_Full",2.0808934769995
2,500,10,"LightGBM_Full",1.99589222794426
2,500,10,"CatBoost_Full",1.58878259019516
2,500,10,"H2OGBM_Full",1.88519136379503
3,500,10,"Ridge",2.4455337177688
3,500,10,"RF_Ridge",2.31867962099156
3,500,10,"XGBoost_Ridge",1.92867077247821
3,500,10,"LightGBM_Ridge",1.53127540948503
3,500,10,"CatBoost_Ridge",1.40499077963318
3,500,10,"H2OGBM_Ridge",1.70720898852692
3,500,10,"Lasso",2.43389564312187
3,500,10,"RF_Lasso",2.69278586682419
3,500,10,"XGBoost_Lasso",2.46505749592921
3,500,10,"LightGBM_Lasso",2.08391415458219
3,500,10,"CatBoost_Lasso",2.13099528873585
3,500,10,"H2OGBM_Lasso",2.12251970959065
3,500,10,"ElasticNet",2.43456451313267
3,500,10,"RF_ElasticNet",2.52659499841672
3,500,10,"XGBoost_ElasticNet",2.57500708280275
3,500,10,"LightGBM_ElasticNet",2.15359818013054
3,500,10,"CatBoost_ElasticNet",2.12283796419476
3,500,10,"H2OGBM_ElasticNet",2.25266299569771
3,500,10,"RF_Full",2.32981479597623
3,500,10,"XGBoost_Full",1.92867077247821
3,500,10,"LightGBM_Full",1.53127540948503
3,500,10,"CatBoost_Full",1.40499077963318
3,500,10,"H2OGBM_Full",1.70720898852692
4,500,10,"Ridge",2.47734561938191
4,500,10,"RF_Ridge",2.19014638818528
4,500,10,"XGBoost_Ridge",2.11499962186208
4,500,10,"LightGBM_Ridge",1.68384712348305
4,500,10,"CatBoost_Ridge",1.48988501137415
4,500,10,"H2OGBM_Ridge",1.69309927834618
4,500,10,"Lasso",2.49753755127311
4,500,10,"RF_Lasso",2.35572542962495
4,500,10,"XGBoost_Lasso",2.18948218363471
4,500,10,"LightGBM_Lasso",2.09387902426761
4,500,10,"CatBoost_Lasso",1.90835081865274
4,500,10,"H2OGBM_Lasso",2.08390107353406
4,500,10,"ElasticNet",2.48714361628709
4,500,10,"RF_ElasticNet",2.19079374564469
4,500,10,"XGBoost_ElasticNet",2.11499962186208
4,500,10,"LightGBM_ElasticNet",1.68384712348305
4,500,10,"CatBoost_ElasticNet",1.48988501137415
4,500,10,"H2OGBM_ElasticNet",1.69309927834618
4,500,10,"RF_Full",2.16909605774123
4,500,10,"XGBoost_Full",2.11499962186208
4,500,10,"LightGBM_Full",1.68384712348305
4,500,10,"CatBoost_Full",1.48988501137415
4,500,10,"H2OGBM_Full",1.69309927834618
5,500,10,"Ridge",2.8330252864716
5,500,10,"RF_Ridge",2.20234513875076
5,500,10,"XGBoost_Ridge",2.16949697382143
5,500,10,"LightGBM_Ridge",1.69883933469413
5,500,10,"CatBoost_Ridge",1.47441375757863
5,500,10,"H2OGBM_Ridge",1.82776400495837
5,500,10,"Lasso",2.79620180467525
5,500,10,"RF_Lasso",2.56961153237571
5,500,10,"XGBoost_Lasso",2.55644922331547
5,500,10,"LightGBM_Lasso",2.2197646384611
5,500,10,"CatBoost_Lasso",2.10058396750338
5,500,10,"H2OGBM_Lasso",2.33558477850909
5,500,10,"ElasticNet",2.80586980377861
5,500,10,"RF_ElasticNet",2.61066690319601
5,500,10,"XGBoost_ElasticNet",2.55644922331547
5,500,10,"LightGBM_ElasticNet",2.2197646384611
5,500,10,"CatBoost_ElasticNet",2.10058396750338
5,500,10,"H2OGBM_ElasticNet",2.33558477850909
5,500,10,"RF_Full",2.1961691897777
5,500,10,"XGBoost_Full",2.16949697382143
5,500,10,"LightGBM_Full",1.69883933469413
5,500,10,"CatBoost_Full",1.47441375757863
5,500,10,"H2OGBM_Full",1.82776400495837
6,500,10,"Ridge",2.34953694453641
6,500,10,"RF_Ridge",1.97935435341781
6,500,10,"XGBoost_Ridge",1.93249341018042
6,500,10,"LightGBM_Ridge",1.62773181256525
6,500,10,"CatBoost_Ridge",1.43057476322951
6,500,10,"H2OGBM_Ridge",1.75294731152048
6,500,10,"Lasso",2.3377762630853
6,500,10,"RF_Lasso",1.84323307351961
6,500,10,"XGBoost_Lasso",1.78443930323924
6,500,10,"LightGBM_Lasso",1.52202583246387
6,500,10,"CatBoost_Lasso",1.41567911145757
6,500,10,"H2OGBM_Lasso",1.68020132067263
6,500,10,"ElasticNet",2.34691472411567
6,500,10,"RF_ElasticNet",1.8469243033173
6,500,10,"XGBoost_ElasticNet",1.78443930323924
6,500,10,"LightGBM_ElasticNet",1.52202583246387
6,500,10,"CatBoost_ElasticNet",1.41567911145757
6,500,10,"H2OGBM_ElasticNet",1.68020132067263
6,500,10,"RF_Full",1.9860952056317
6,500,10,"XGBoost_Full",1.93249341018042
6,500,10,"LightGBM_Full",1.62773181256525
6,500,10,"CatBoost_Full",1.43057476322951
6,500,10,"H2OGBM_Full",1.75294731152048
7,500,10,"Ridge",2.59569109310159
7,500,10,"RF_Ridge",2.47804725644588
7,500,10,"XGBoost_Ridge",2.170669817692
7,500,10,"LightGBM_Ridge",1.72121750418043
7,500,10,"CatBoost_Ridge",1.56820615602128
7,500,10,"H2OGBM_Ridge",1.74410957459607
7,500,10,"Lasso",2.51374603212544
7,500,10,"RF_Lasso",2.44345067041974
7,500,10,"XGBoost_Lasso",2.170669817692
7,500,10,"LightGBM_Lasso",1.72121750418043
7,500,10,"CatBoost_Lasso",1.56820615602128
7,500,10,"H2OGBM_Lasso",1.74410957459607
7,500,10,"ElasticNet",2.51627246031952
7,500,10,"RF_ElasticNet",2.48079715017466
7,500,10,"XGBoost_ElasticNet",2.170669817692
7,500,10,"LightGBM_ElasticNet",1.72121750418043
7,500,10,"CatBoost_ElasticNet",1.56820615602128
7,500,10,"H2OGBM_ElasticNet",1.74410957459607
7,500,10,"RF_Full",2.46639382819326
7,500,10,"XGBoost_Full",2.170669817692
7,500,10,"LightGBM_Full",1.72121750418043
7,500,10,"CatBoost_Full",1.56820615602128
7,500,10,"H2OGBM_Full",1.74410957459607
8,500,10,"Ridge",2.19535362969817
8,500,10,"RF_Ridge",1.94834160258737
8,500,10,"XGBoost_Ridge",2.02787225710787
8,500,10,"LightGBM_Ridge",1.4371703812207
8,500,10,"CatBoost_Ridge",1.29304381593218
8,500,10,"H2OGBM_Ridge",1.46819817216951
8,500,10,"Lasso",2.16792723894595
8,500,10,"RF_Lasso",2.15936974832578
8,500,10,"XGBoost_Lasso",2.46577921735553
8,500,10,"LightGBM_Lasso",1.93465498068884
8,500,10,"CatBoost_Lasso",1.89027041951218
8,500,10,"H2OGBM_Lasso",2.0672684581776
8,500,10,"ElasticNet",2.17360355561498
8,500,10,"RF_ElasticNet",2.12934392970206
8,500,10,"XGBoost_ElasticNet",2.26344296440889
8,500,10,"LightGBM_ElasticNet",1.83552260756824
8,500,10,"CatBoost_ElasticNet",1.942862248993
8,500,10,"H2OGBM_ElasticNet",1.97931440903811
8,500,10,"RF_Full",2.00492735948057
8,500,10,"XGBoost_Full",2.02787225710787
8,500,10,"LightGBM_Full",1.4371703812207
8,500,10,"CatBoost_Full",1.29304381593218
8,500,10,"H2OGBM_Full",1.46819817216951
9,500,10,"Ridge",2.78898564348694
9,500,10,"RF_Ridge",2.46023501240299
9,500,10,"XGBoost_Ridge",2.09591639306418
9,500,10,"LightGBM_Ridge",1.74203189846485
9,500,10,"CatBoost_Ridge",1.59536927439831
9,500,10,"H2OGBM_Ridge",1.82317363854821
9,500,10,"Lasso",2.7553089742077
9,500,10,"RF_Lasso",2.71020911687558
9,500,10,"XGBoost_Lasso",2.36336135760052
9,500,10,"LightGBM_Lasso",2.15829232356249
9,500,10,"CatBoost_Lasso",2.28252128465938
9,500,10,"H2OGBM_Lasso",2.19467812107767
9,500,10,"ElasticNet",2.76016493500632
9,500,10,"RF_ElasticNet",2.72888778795626
9,500,10,"XGBoost_ElasticNet",2.36336135760052
9,500,10,"LightGBM_ElasticNet",2.15829232356249
9,500,10,"CatBoost_ElasticNet",2.28252128465938
9,500,10,"H2OGBM_ElasticNet",2.19467812107767
9,500,10,"RF_Full",2.48199357031371
9,500,10,"XGBoost_Full",2.09591639306418
9,500,10,"LightGBM_Full",1.74203189846485
9,500,10,"CatBoost_Full",1.59536927439831
9,500,10,"H2OGBM_Full",1.82317363854821
10,500,10,"Ridge",2.60971787314535
10,500,10,"RF_Ridge",2.09213357475863
10,500,10,"XGBoost_Ridge",2.00842741924571
10,500,10,"LightGBM_Ridge",1.5824205072628
10,500,10,"CatBoost_Ridge",1.61483767996822
10,500,10,"H2OGBM_Ridge",1.73229499006673
10,500,10,"Lasso",2.60916606876728
10,500,10,"RF_Lasso",1.96081433272717
10,500,10,"XGBoost_Lasso",1.61223652043614
10,500,10,"LightGBM_Lasso",1.57222828518174
10,500,10,"CatBoost_Lasso",1.50815906668438
10,500,10,"H2OGBM_Lasso",1.6698072521027
10,500,10,"ElasticNet",2.60442061571702
10,500,10,"RF_ElasticNet",1.96519690078894
10,500,10,"XGBoost_ElasticNet",1.61223652043614
10,500,10,"LightGBM_ElasticNet",1.57222828518174
10,500,10,"CatBoost_ElasticNet",1.50815906668438
10,500,10,"H2OGBM_ElasticNet",1.6698072521027
10,500,10,"RF_Full",2.10341743736924
10,500,10,"XGBoost_Full",2.00842741924571
10,500,10,"LightGBM_Full",1.5824205072628
10,500,10,"CatBoost_Full",1.61483767996822
10,500,10,"H2OGBM_Full",1.73229499006673
1,500,50,"Ridge",3.0581332057118
1,500,50,"RF_Ridge",2.66018830727636
1,500,50,"XGBoost_Ridge",2.76397441614948
1,500,50,"LightGBM_Ridge",2.1780783775093
1,500,50,"CatBoost_Ridge",1.96227074969752
1,500,50,"H2OGBM_Ridge",2.03186188870597
1,500,50,"Lasso",2.91099137361214
1,500,50,"RF_Lasso",2.7136713679483
1,500,50,"XGBoost_Lasso",2.76372983900656
1,500,50,"LightGBM_Lasso",2.73402361397441
1,500,50,"CatBoost_Lasso",2.4233419611925
1,500,50,"H2OGBM_Lasso",2.4853921407573
1,500,50,"ElasticNet",2.92218109557614
1,500,50,"RF_ElasticNet",2.52640022977962
1,500,50,"XGBoost_ElasticNet",2.53426845394678
1,500,50,"LightGBM_ElasticNet",2.11029667356035
1,500,50,"CatBoost_ElasticNet",1.90640062140182
1,500,50,"H2OGBM_ElasticNet",1.92716927038424
1,500,50,"RF_Full",2.68837901001276
1,500,50,"XGBoost_Full",2.76397441614948
1,500,50,"LightGBM_Full",2.1780783775093
1,500,50,"CatBoost_Full",1.96227074969752
1,500,50,"H2OGBM_Full",2.03186188870597
2,500,50,"Ridge",2.94219079715616
2,500,50,"RF_Ridge",2.55296987159157
2,500,50,"XGBoost_Ridge",2.07902666093557
2,500,50,"LightGBM_Ridge",1.74221884532735
2,500,50,"CatBoost_Ridge",1.65301771968989
2,500,50,"H2OGBM_Ridge",1.76202305926021
2,500,50,"Lasso",2.78203597331559
2,500,50,"RF_Lasso",2.34832191924816
2,500,50,"XGBoost_Lasso",2.01541048213092
2,500,50,"LightGBM_Lasso",1.67540369918658
2,500,50,"CatBoost_Lasso",1.62707870989992
2,500,50,"H2OGBM_Lasso",1.69354771713318
2,500,50,"ElasticNet",2.79353305687617
2,500,50,"RF_ElasticNet",2.31705186531553
2,500,50,"XGBoost_ElasticNet",2.10303985493653
2,500,50,"LightGBM_ElasticNet",1.64706882321527
2,500,50,"CatBoost_ElasticNet",1.57616161732883
2,500,50,"H2OGBM_ElasticNet",1.73786078298317
2,500,50,"RF_Full",2.54091511375907
2,500,50,"XGBoost_Full",2.07902666093557
2,500,50,"LightGBM_Full",1.74221884532735
2,500,50,"CatBoost_Full",1.65301771968989
2,500,50,"H2OGBM_Full",1.76202305926021
3,500,50,"Ridge",2.67378292213677
3,500,50,"RF_Ridge",2.89741141293566
3,500,50,"XGBoost_Ridge",2.8433094835739
3,500,50,"LightGBM_Ridge",1.87006746695688
3,500,50,"CatBoost_Ridge",2.02134725584388
3,500,50,"H2OGBM_Ridge",2.05167338479522
3,500,50,"Lasso",2.53063765972548
3,500,50,"RF_Lasso",2.71017418254171
3,500,50,"XGBoost_Lasso",2.21767232163333
3,500,50,"LightGBM_Lasso",1.80324177247479
3,500,50,"CatBoost_Lasso",1.85454231235958
3,500,50,"H2OGBM_Lasso",1.88193108201954
3,500,50,"ElasticNet",2.57317138401606
3,500,50,"RF_ElasticNet",2.69303290085021
3,500,50,"XGBoost_ElasticNet",2.26712429269952
3,500,50,"LightGBM_ElasticNet",1.82719299850536
3,500,50,"CatBoost_ElasticNet",1.9919777385167
3,500,50,"H2OGBM_ElasticNet",1.83596749710848
3,500,50,"RF_Full",2.8716973985265
3,500,50,"XGBoost_Full",2.8433094835739
3,500,50,"LightGBM_Full",1.87006746695688
3,500,50,"CatBoost_Full",2.02134725584388
3,500,50,"H2OGBM_Full",2.05167338479522
4,500,50,"Ridge",2.56927952448035
4,500,50,"RF_Ridge",2.65169210535717
4,500,50,"XGBoost_Ridge",2.25965195323716
4,500,50,"LightGBM_Ridge",1.81094237509676
4,500,50,"CatBoost_Ridge",1.76961077965138
4,500,50,"H2OGBM_Ridge",1.8705450146362
4,500,50,"Lasso",2.45169498239251
4,500,50,"RF_Lasso",2.55725608098938
4,500,50,"XGBoost_Lasso",2.40138979473865
4,500,50,"LightGBM_Lasso",2.2622763287724
4,500,50,"CatBoost_Lasso",2.31559692954299
4,500,50,"H2OGBM_Lasso",2.28270801038746
4,500,50,"ElasticNet",2.47378087044162
4,500,50,"RF_ElasticNet",2.60666393297275
4,500,50,"XGBoost_ElasticNet",2.40138979473865
4,500,50,"LightGBM_ElasticNet",2.2622763287724
4,500,50,"CatBoost_ElasticNet",2.31559692954299
4,500,50,"H2OGBM_ElasticNet",2.28270801038746
4,500,50,"RF_Full",2.64533376070595
4,500,50,"XGBoost_Full",2.25965195323716
4,500,50,"LightGBM_Full",1.81094237509676
4,500,50,"CatBoost_Full",1.76961077965138
4,500,50,"H2OGBM_Full",1.8705450146362
5,500,50,"Ridge",2.56711739929351
5,500,50,"RF_Ridge",2.75398609244626
5,500,50,"XGBoost_Ridge",2.30943302669965
5,500,50,"LightGBM_Ridge",1.78227085755628
5,500,50,"CatBoost_Ridge",2.13738319168895
5,500,50,"H2OGBM_Ridge",1.92947280737761
5,500,50,"Lasso",2.64524616034541
5,500,50,"RF_Lasso",2.33587830259904
5,500,50,"XGBoost_Lasso",2.33048160291224
5,500,50,"LightGBM_Lasso",2.03602593616057
5,500,50,"CatBoost_Lasso",2.09718186962421
5,500,50,"H2OGBM_Lasso",2.18192667498751
5,500,50,"ElasticNet",2.66584236331622
5,500,50,"RF_ElasticNet",2.06070040982447
5,500,50,"XGBoost_ElasticNet",1.77191106146671
5,500,50,"LightGBM_ElasticNet",1.39048769058045
5,500,50,"CatBoost_ElasticNet",1.44140775641491
5,500,50,"H2OGBM_ElasticNet",1.63806658024721
5,500,50,"RF_Full",2.72690790341304
5,500,50,"XGBoost_Full",2.30943302669965
5,500,50,"LightGBM_Full",1.78227085755628
5,500,50,"CatBoost_Full",2.13738319168895
5,500,50,"H2OGBM_Full",1.92947280737761
6,500,50,"Ridge",2.72247699031152
6,500,50,"RF_Ridge",2.77410773691536
6,500,50,"XGBoost_Ridge",2.20585660893376
6,500,50,"LightGBM_Ridge",1.76022299899602
6,500,50,"CatBoost_Ridge",1.89201034753067
6,500,50,"H2OGBM_Ridge",1.94132477351822
6,500,50,"Lasso",2.67400437869095
6,500,50,"RF_Lasso",2.50574588276372
6,500,50,"XGBoost_Lasso",2.18983927045522
6,500,50,"LightGBM_Lasso",1.71878421972621
6,500,50,"CatBoost_Lasso",1.64551705111043
6,500,50,"H2OGBM_Lasso",1.81422195219306
6,500,50,"ElasticNet",2.67502926307235
6,500,50,"RF_ElasticNet",2.53542126857067
6,500,50,"XGBoost_ElasticNet",2.20283336297057
6,500,50,"LightGBM_ElasticNet",1.71790740412581
6,500,50,"CatBoost_ElasticNet",1.6734862460764
6,500,50,"H2OGBM_ElasticNet",1.87487379352118
6,500,50,"RF_Full",2.82321420999635
6,500,50,"XGBoost_Full",2.20585660893376
6,500,50,"LightGBM_Full",1.76022299899602
6,500,50,"CatBoost_Full",1.89201034753067
6,500,50,"H2OGBM_Full",1.94132477351822
7,500,50,"Ridge",2.75195421261103
7,500,50,"RF_Ridge",2.61016149288337
7,500,50,"XGBoost_Ridge",2.25829607383145
7,500,50,"LightGBM_Ridge",1.78856074632406
7,500,50,"CatBoost_Ridge",1.75210723412637
7,500,50,"H2OGBM_Ridge",1.98795330792996
7,500,50,"Lasso",2.63971547741177
7,500,50,"RF_Lasso",2.52724146107452
7,500,50,"XGBoost_Lasso",2.1659215995197
7,500,50,"LightGBM_Lasso",1.90422619079465
7,500,50,"CatBoost_Lasso",1.76677762919267
7,500,50,"H2OGBM_Lasso",1.92457857232508
7,500,50,"ElasticNet",2.61761147850026
7,500,50,"RF_ElasticNet",2.4547437935338
7,500,50,"XGBoost_ElasticNet",2.14042867756434
7,500,50,"LightGBM_ElasticNet",1.83917535236664
7,500,50,"CatBoost_ElasticNet",1.8011838650635
7,500,50,"H2OGBM_ElasticNet",1.96148200621194
7,500,50,"RF_Full",2.62366959251075
7,500,50,"XGBoost_Full",2.25829607383145
7,500,50,"LightGBM_Full",1.78856074632406
7,500,50,"CatBoost_Full",1.75210723412637
7,500,50,"H2OGBM_Full",1.98795330792996
8,500,50,"Ridge",2.77125418299222
8,500,50,"RF_Ridge",2.537914617715
8,500,50,"XGBoost_Ridge",2.36360446983178
8,500,50,"LightGBM_Ridge",1.59128740014417
8,500,50,"CatBoost_Ridge",1.80567393393825
8,500,50,"H2OGBM_Ridge",1.7453185508091
8,500,50,"Lasso",2.5585272326816
8,500,50,"RF_Lasso",2.40984844323503
8,500,50,"XGBoost_Lasso",2.03942461484423
8,500,50,"LightGBM_Lasso",1.58635200884008
8,500,50,"CatBoost_Lasso",1.68504532290442
8,500,50,"H2OGBM_Lasso",1.68561259649765
8,500,50,"ElasticNet",2.58016475381006
8,500,50,"RF_ElasticNet",2.39401832440154
8,500,50,"XGBoost_ElasticNet",1.9974992921324
8,500,50,"LightGBM_ElasticNet",1.63069438518846
8,500,50,"CatBoost_ElasticNet",1.68438813404588
8,500,50,"H2OGBM_ElasticNet",1.75903087313997
8,500,50,"RF_Full",2.52074122734314
8,500,50,"XGBoost_Full",2.36360446983178
8,500,50,"LightGBM_Full",1.59128740014417
8,500,50,"CatBoost_Full",1.80567393393825
8,500,50,"H2OGBM_Full",1.7453185508091
9,500,50,"Ridge",2.87386235437015
9,500,50,"RF_Ridge",3.08799929266716
9,500,50,"XGBoost_Ridge",2.71357506409646
9,500,50,"LightGBM_Ridge",2.1285537907917
9,500,50,"CatBoost_Ridge",2.24590726613653
9,500,50,"H2OGBM_Ridge",2.26892012481838
9,500,50,"Lasso",2.72763751081567
9,500,50,"RF_Lasso",3.01513508374945
9,500,50,"XGBoost_Lasso",2.83719729592661
9,500,50,"LightGBM_Lasso",2.41044199119485
9,500,50,"CatBoost_Lasso",2.64388549006525
9,500,50,"H2OGBM_Lasso",2.50805438670458
9,500,50,"ElasticNet",2.76297305939175
9,500,50,"RF_ElasticNet",2.96610486632293
9,500,50,"XGBoost_ElasticNet",2.63601946022006
9,500,50,"LightGBM_ElasticNet",2.04193983645534
9,500,50,"CatBoost_ElasticNet",1.99803795105744
9,500,50,"H2OGBM_ElasticNet",2.2330447091687
9,500,50,"RF_Full",3.11055479836739
9,500,50,"XGBoost_Full",2.71357506409646
9,500,50,"LightGBM_Full",2.1285537907917
9,500,50,"CatBoost_Full",2.24590726613653
9,500,50,"H2OGBM_Full",2.26892012481838
10,500,50,"Ridge",3.21487803290278
10,500,50,"RF_Ridge",2.8294643660965
10,500,50,"XGBoost_Ridge",2.61357522054333
10,500,50,"LightGBM_Ridge",2.09683147995418
10,500,50,"CatBoost_Ridge",2.11847045616475
10,500,50,"H2OGBM_Ridge",2.2447942995025
10,500,50,"Lasso",3.02286213353792
10,500,50,"RF_Lasso",2.83289453382869
10,500,50,"XGBoost_Lasso",2.66234855566589
10,500,50,"LightGBM_Lasso",2.71153941438883
10,500,50,"CatBoost_Lasso",2.64903029408411
10,500,50,"H2OGBM_Lasso",2.74778894886806
10,500,50,"ElasticNet",3.03299304871293
10,500,50,"RF_ElasticNet",2.84053417299273
10,500,50,"XGBoost_ElasticNet",2.74807791505414
10,500,50,"LightGBM_ElasticNet",2.70959526071104
10,500,50,"CatBoost_ElasticNet",2.47184342726628
10,500,50,"H2OGBM_ElasticNet",2.72957207207553
10,500,50,"RF_Full",2.83460246185827
10,500,50,"XGBoost_Full",2.61357522054333
10,500,50,"LightGBM_Full",2.09683147995418
10,500,50,"CatBoost_Full",2.11847045616475
10,500,50,"H2OGBM_Full",2.2447942995025
1,1000,5,"Ridge",2.66251154101574
1,1000,5,"RF_Ridge",2.16608336938819
1,1000,5,"XGBoost_Ridge",1.84551065869404
1,1000,5,"LightGBM_Ridge",1.6245899331593
1,1000,5,"CatBoost_Ridge",1.3820463815298
1,1000,5,"H2OGBM_Ridge",1.61795743842147
1,1000,5,"Lasso",2.62287587039598
1,1000,5,"RF_Lasso",2.17453715759203
1,1000,5,"XGBoost_Lasso",1.84551065869404
1,1000,5,"LightGBM_Lasso",1.6245899331593
1,1000,5,"CatBoost_Lasso",1.3820463815298
1,1000,5,"H2OGBM_Lasso",1.61795743842147
1,1000,5,"ElasticNet",2.62257113460716
1,1000,5,"RF_ElasticNet",2.16986384840539
1,1000,5,"XGBoost_ElasticNet",1.84551065869404
1,1000,5,"LightGBM_ElasticNet",1.6245899331593
1,1000,5,"CatBoost_ElasticNet",1.3820463815298
1,1000,5,"H2OGBM_ElasticNet",1.61795743842147
1,1000,5,"RF_Full",2.16121155746556
1,1000,5,"XGBoost_Full",1.84551065869404
1,1000,5,"LightGBM_Full",1.6245899331593
1,1000,5,"CatBoost_Full",1.3820463815298
1,1000,5,"H2OGBM_Full",1.61795743842147
2,1000,5,"Ridge",2.57884017915227
2,1000,5,"RF_Ridge",2.00789246623389
2,1000,5,"XGBoost_Ridge",1.83249837578529
2,1000,5,"LightGBM_Ridge",1.4514120518798
2,1000,5,"CatBoost_Ridge",1.23858748958135
2,1000,5,"H2OGBM_Ridge",1.48802952320677
2,1000,5,"Lasso",2.55316588162449
2,1000,5,"RF_Lasso",1.99747420433646
2,1000,5,"XGBoost_Lasso",1.83249837578529
2,1000,5,"LightGBM_Lasso",1.4514120518798
2,1000,5,"CatBoost_Lasso",1.23858748958135
2,1000,5,"H2OGBM_Lasso",1.48802952320677
2,1000,5,"ElasticNet",2.55358869476707
2,1000,5,"RF_ElasticNet",2.01276156624974
2,1000,5,"XGBoost_ElasticNet",1.83249837578529
2,1000,5,"LightGBM_ElasticNet",1.4514120518798
2,1000,5,"CatBoost_ElasticNet",1.23858748958135
2,1000,5,"H2OGBM_ElasticNet",1.48802952320677
2,1000,5,"RF_Full",2.00483566636645
2,1000,5,"XGBoost_Full",1.83249837578529
2,1000,5,"LightGBM_Full",1.4514120518798
2,1000,5,"CatBoost_Full",1.23858748958135
2,1000,5,"H2OGBM_Full",1.48802952320677
3,1000,5,"Ridge",2.72024558225313
3,1000,5,"RF_Ridge",1.92818567608513
3,1000,5,"XGBoost_Ridge",1.6200636495454
3,1000,5,"LightGBM_Ridge",1.35819287554724
3,1000,5,"CatBoost_Ridge",1.21115753825846
3,1000,5,"H2OGBM_Ridge",1.40248494821307
3,1000,5,"Lasso",2.71134339211441
3,1000,5,"RF_Lasso",2.26955380740895
3,1000,5,"XGBoost_Lasso",2.2060502274511
3,1000,5,"LightGBM_Lasso",2.18173706959883
3,1000,5,"CatBoost_Lasso",2.12206073592746
3,1000,5,"H2OGBM_Lasso",2.04552272233589
3,1000,5,"ElasticNet",2.70729550195285
3,1000,5,"RF_ElasticNet",2.25445236900772
3,1000,5,"XGBoost_ElasticNet",2.2060502274511
3,1000,5,"LightGBM_ElasticNet",2.18173706959883
3,1000,5,"CatBoost_ElasticNet",2.12206073592746
3,1000,5,"H2OGBM_ElasticNet",2.04552272233589
3,1000,5,"RF_Full",1.9262919676638
3,1000,5,"XGBoost_Full",1.6200636495454
3,1000,5,"LightGBM_Full",1.35819287554724
3,1000,5,"CatBoost_Full",1.21115753825846
3,1000,5,"H2OGBM_Full",1.40248494821307
4,1000,5,"Ridge",2.8164623955321
4,1000,5,"RF_Ridge",2.06687161313068
4,1000,5,"XGBoost_Ridge",1.56561851027391
4,1000,5,"LightGBM_Ridge",1.40853274750079
4,1000,5,"CatBoost_Ridge",1.32014976310671
4,1000,5,"H2OGBM_Ridge",1.47882579089898
4,1000,5,"Lasso",2.80498171842775
4,1000,5,"RF_Lasso",2.08089926361458
4,1000,5,"XGBoost_Lasso",1.56561851027391
4,1000,5,"LightGBM_Lasso",1.40853274750079
4,1000,5,"CatBoost_Lasso",1.32014976310671
4,1000,5,"H2OGBM_Lasso",1.47882579089898
4,1000,5,"ElasticNet",2.80537755058026
4,1000,5,"RF_ElasticNet",2.07422784261522
4,1000,5,"XGBoost_ElasticNet",1.56561851027391
4,1000,5,"LightGBM_ElasticNet",1.40853274750079
4,1000,5,"CatBoost_ElasticNet",1.32014976310671
4,1000,5,"H2OGBM_ElasticNet",1.47882579089898
4,1000,5,"RF_Full",2.06859725409389
4,1000,5,"XGBoost_Full",1.56561851027391
4,1000,5,"LightGBM_Full",1.40853274750079
4,1000,5,"CatBoost_Full",1.32014976310671
4,1000,5,"H2OGBM_Full",1.47882579089898
5,1000,5,"Ridge",2.46517097213469
5,1000,5,"RF_Ridge",2.00051779527355
5,1000,5,"XGBoost_Ridge",1.56490172018925
5,1000,5,"LightGBM_Ridge",1.34638439033813
5,1000,5,"CatBoost_Ridge",1.18092530074605
5,1000,5,"H2OGBM_Ridge",1.32549714073298
5,1000,5,"Lasso",2.46011156124171
5,1000,5,"RF_Lasso",1.97067649545121
5,1000,5,"XGBoost_Lasso",1.56490172018925
5,1000,5,"LightGBM_Lasso",1.34638439033813
5,1000,5,"CatBoost_Lasso",1.18092530074605
5,1000,5,"H2OGBM_Lasso",1.32549714073298
5,1000,5,"ElasticNet",2.45955329182376
5,1000,5,"RF_ElasticNet",1.98125337013297
5,1000,5,"XGBoost_ElasticNet",1.56490172018925
5,1000,5,"LightGBM_ElasticNet",1.34638439033813
5,1000,5,"CatBoost_ElasticNet",1.18092530074605
5,1000,5,"H2OGBM_ElasticNet",1.32549714073298
5,1000,5,"RF_Full",1.98090987480483
5,1000,5,"XGBoost_Full",1.56490172018925
5,1000,5,"LightGBM_Full",1.34638439033813
5,1000,5,"CatBoost_Full",1.18092530074605
5,1000,5,"H2OGBM_Full",1.32549714073298
6,1000,5,"Ridge",2.48062632886882
6,1000,5,"RF_Ridge",1.91297254971818
6,1000,5,"XGBoost_Ridge",1.56050299510303
6,1000,5,"LightGBM_Ridge",1.41093653124085
6,1000,5,"CatBoost_Ridge",1.18280700843914
6,1000,5,"H2OGBM_Ridge",1.4582477728122
6,1000,5,"Lasso",2.45731640070261
6,1000,5,"RF_Lasso",1.92965269969158
6,1000,5,"XGBoost_Lasso",1.56050299510303
6,1000,5,"LightGBM_Lasso",1.41093653124085
6,1000,5,"CatBoost_Lasso",1.18280700843914
6,1000,5,"H2OGBM_Lasso",1.4582477728122
6,1000,5,"ElasticNet",2.45574774056849
6,1000,5,"RF_ElasticNet",1.91651644221374
6,1000,5,"XGBoost_ElasticNet",1.56050299510303
6,1000,5,"LightGBM_ElasticNet",1.41093653124085
6,1000,5,"CatBoost_ElasticNet",1.18280700843914
6,1000,5,"H2OGBM_ElasticNet",1.4582477728122
6,1000,5,"RF_Full",1.93296337727164
6,1000,5,"XGBoost_Full",1.56050299510303
6,1000,5,"LightGBM_Full",1.41093653124085
6,1000,5,"CatBoost_Full",1.18280700843914
6,1000,5,"H2OGBM_Full",1.4582477728122
7,1000,5,"Ridge",2.86879692905059
7,1000,5,"RF_Ridge",2.24847679372485
7,1000,5,"XGBoost_Ridge",1.820424043529
7,1000,5,"LightGBM_Ridge",1.52040108709843
7,1000,5,"CatBoost_Ridge",1.31710009468999
7,1000,5,"H2OGBM_Ridge",1.68647316901905
7,1000,5,"Lasso",2.8533785738701
7,1000,5,"RF_Lasso",2.25643569960135
7,1000,5,"XGBoost_Lasso",1.820424043529
7,1000,5,"LightGBM_Lasso",1.52040108709843
7,1000,5,"CatBoost_Lasso",1.31710009468999
7,1000,5,"H2OGBM_Lasso",1.68647316901905
7,1000,5,"ElasticNet",2.85327290391269
7,1000,5,"RF_ElasticNet",2.24495353612717
7,1000,5,"XGBoost_ElasticNet",1.820424043529
7,1000,5,"LightGBM_ElasticNet",1.52040108709843
7,1000,5,"CatBoost_ElasticNet",1.31710009468999
7,1000,5,"H2OGBM_ElasticNet",1.68647316901905
7,1000,5,"RF_Full",2.21763785557811
7,1000,5,"XGBoost_Full",1.820424043529
7,1000,5,"LightGBM_Full",1.52040108709843
7,1000,5,"CatBoost_Full",1.31710009468999
7,1000,5,"H2OGBM_Full",1.68647316901905
8,1000,5,"Ridge",2.74203031101005
8,1000,5,"RF_Ridge",2.06781367315841
8,1000,5,"XGBoost_Ridge",1.83301149267719
8,1000,5,"LightGBM_Ridge",1.47339530253395
8,1000,5,"CatBoost_Ridge",1.20240700413983
8,1000,5,"H2OGBM_Ridge",1.48118011399534
8,1000,5,"Lasso",2.74605161980659
8,1000,5,"RF_Lasso",2.09868949590409
8,1000,5,"XGBoost_Lasso",1.83301149267719
8,1000,5,"LightGBM_Lasso",1.47339530253395
8,1000,5,"CatBoost_Lasso",1.20240700413983
8,1000,5,"H2OGBM_Lasso",1.48118011399534
8,1000,5,"ElasticNet",2.74424715016614
8,1000,5,"RF_ElasticNet",2.11016425848657
8,1000,5,"XGBoost_ElasticNet",1.83301149267719
8,1000,5,"LightGBM_ElasticNet",1.47339530253395
8,1000,5,"CatBoost_ElasticNet",1.20240700413983
8,1000,5,"H2OGBM_ElasticNet",1.48118011399534
8,1000,5,"RF_Full",2.05885993784673
8,1000,5,"XGBoost_Full",1.83301149267719
8,1000,5,"LightGBM_Full",1.47339530253395
8,1000,5,"CatBoost_Full",1.20240700413983
8,1000,5,"H2OGBM_Full",1.48118011399534
9,1000,5,"Ridge",2.55554742843964
9,1000,5,"RF_Ridge",1.89149703600378
9,1000,5,"XGBoost_Ridge",1.67490213829507
9,1000,5,"LightGBM_Ridge",1.51370155793782
9,1000,5,"CatBoost_Ridge",1.26354819241362
9,1000,5,"H2OGBM_Ridge",1.52549481458098
9,1000,5,"Lasso",2.55597375393908
9,1000,5,"RF_Lasso",1.88719667757583
9,1000,5,"XGBoost_Lasso",1.67490213829507
9,1000,5,"LightGBM_Lasso",1.51370155793782
9,1000,5,"CatBoost_Lasso",1.26354819241362
9,1000,5,"H2OGBM_Lasso",1.52549481458098
9,1000,5,"ElasticNet",2.55558240170113
9,1000,5,"RF_ElasticNet",1.90244759007804
9,1000,5,"XGBoost_ElasticNet",1.67490213829507
9,1000,5,"LightGBM_ElasticNet",1.51370155793782
9,1000,5,"CatBoost_ElasticNet",1.26354819241362
9,1000,5,"H2OGBM_ElasticNet",1.52549481458098
9,1000,5,"RF_Full",1.90354938805375
9,1000,5,"XGBoost_Full",1.67490213829507
9,1000,5,"LightGBM_Full",1.51370155793782
9,1000,5,"CatBoost_Full",1.26354819241362
9,1000,5,"H2OGBM_Full",1.52549481458098
10,1000,5,"Ridge",2.29075575034877
10,1000,5,"RF_Ridge",1.80033899295712
10,1000,5,"XGBoost_Ridge",1.40303658060893
10,1000,5,"LightGBM_Ridge",1.12577888070945
10,1000,5,"CatBoost_Ridge",1.08182908522393
10,1000,5,"H2OGBM_Ridge",1.15919051273734
10,1000,5,"Lasso",2.26947245244096
10,1000,5,"RF_Lasso",1.78658055837702
10,1000,5,"XGBoost_Lasso",1.40303658060893
10,1000,5,"LightGBM_Lasso",1.12577888070945
10,1000,5,"CatBoost_Lasso",1.08182908522393
10,1000,5,"H2OGBM_Lasso",1.15919051273734
10,1000,5,"ElasticNet",2.26971622411033
10,1000,5,"RF_ElasticNet",1.80571477723057
10,1000,5,"XGBoost_ElasticNet",1.40303658060893
10,1000,5,"LightGBM_ElasticNet",1.12577888070945
10,1000,5,"CatBoost_ElasticNet",1.08182908522393
10,1000,5,"H2OGBM_ElasticNet",1.15919051273734
10,1000,5,"RF_Full",1.77542133755158
10,1000,5,"XGBoost_Full",1.40303658060893
10,1000,5,"LightGBM_Full",1.12577888070945
10,1000,5,"CatBoost_Full",1.08182908522393
10,1000,5,"H2OGBM_Full",1.15919051273734
1,1000,10,"Ridge",2.53937332488708
1,1000,10,"RF_Ridge",2.06863676079351
1,1000,10,"XGBoost_Ridge",1.70713538882218
1,1000,10,"LightGBM_Ridge",1.45732704739917
1,1000,10,"CatBoost_Ridge",1.26483206195719
1,1000,10,"H2OGBM_Ridge",1.49072058982966
1,1000,10,"Lasso",2.50413345490497
1,1000,10,"RF_Lasso",2.09146174274886
1,1000,10,"XGBoost_Lasso",1.65277415957332
1,1000,10,"LightGBM_Lasso",1.40730175155015
1,1000,10,"CatBoost_Lasso",1.15707507695104
1,1000,10,"H2OGBM_Lasso",1.5099662531465
1,1000,10,"ElasticNet",2.51008858245417
1,1000,10,"RF_ElasticNet",1.98159557826422
1,1000,10,"XGBoost_ElasticNet",1.62491894357868
1,1000,10,"LightGBM_ElasticNet",1.39786453735481
1,1000,10,"CatBoost_ElasticNet",1.18927246897607
1,1000,10,"H2OGBM_ElasticNet",1.47613391690149
1,1000,10,"RF_Full",2.06051733507699
1,1000,10,"XGBoost_Full",1.70713538882218
1,1000,10,"LightGBM_Full",1.45732704739917
1,1000,10,"CatBoost_Full",1.26483206195719
1,1000,10,"H2OGBM_Full",1.49072058982966
2,1000,10,"Ridge",2.84761395748451
2,1000,10,"RF_Ridge",2.26775651042992
2,1000,10,"XGBoost_Ridge",1.83972204169059
2,1000,10,"LightGBM_Ridge",1.4664321303834
2,1000,10,"CatBoost_Ridge",1.34838200131212
2,1000,10,"H2OGBM_Ridge",1.4806453754737
2,1000,10,"Lasso",2.8412302236533
2,1000,10,"RF_Lasso",2.36568028002605
2,1000,10,"XGBoost_Lasso",2.25559464183673
2,1000,10,"LightGBM_Lasso",2.06749381048469
2,1000,10,"CatBoost_Lasso",2.04265140056274
2,1000,10,"H2OGBM_Lasso",2.04475723871678
2,1000,10,"ElasticNet",2.84129352615504
2,1000,10,"RF_ElasticNet",2.51890570683211
2,1000,10,"XGBoost_ElasticNet",2.28185754763411
2,1000,10,"LightGBM_ElasticNet",2.11427768985145
2,1000,10,"CatBoost_ElasticNet",1.98814407756584
2,1000,10,"H2OGBM_ElasticNet",2.02901609900032
2,1000,10,"RF_Full",2.26260724845961
2,1000,10,"XGBoost_Full",1.83972204169059
2,1000,10,"LightGBM_Full",1.4664321303834
2,1000,10,"CatBoost_Full",1.34838200131212
2,1000,10,"H2OGBM_Full",1.4806453754737
3,1000,10,"Ridge",2.64249092626454
3,1000,10,"RF_Ridge",2.09959692460707
3,1000,10,"XGBoost_Ridge",1.8631817458617
3,1000,10,"LightGBM_Ridge",1.65737214435437
3,1000,10,"CatBoost_Ridge",1.29580321478278
3,1000,10,"H2OGBM_Ridge",1.59371166440747
3,1000,10,"Lasso",2.62647199231092
3,1000,10,"RF_Lasso",1.90822941012754
3,1000,10,"XGBoost_Lasso",1.74635395861421
3,1000,10,"LightGBM_Lasso",1.51863764535392
3,1000,10,"CatBoost_Lasso",1.27954985012052
3,1000,10,"H2OGBM_Lasso",1.56768369633798
3,1000,10,"ElasticNet",2.62559394578638
3,1000,10,"RF_ElasticNet",1.89866798741398
3,1000,10,"XGBoost_ElasticNet",1.74635395861421
3,1000,10,"LightGBM_ElasticNet",1.51863764535392
3,1000,10,"CatBoost_ElasticNet",1.27954985012052
3,1000,10,"H2OGBM_ElasticNet",1.56768369633798
3,1000,10,"RF_Full",2.07541902206262
3,1000,10,"XGBoost_Full",1.8631817458617
3,1000,10,"LightGBM_Full",1.65737214435437
3,1000,10,"CatBoost_Full",1.29580321478278
3,1000,10,"H2OGBM_Full",1.59371166440747
4,1000,10,"Ridge",2.69108984379636
4,1000,10,"RF_Ridge",2.04682662535788
4,1000,10,"XGBoost_Ridge",1.9733085899483
4,1000,10,"LightGBM_Ridge",1.48314613043739
4,1000,10,"CatBoost_Ridge",1.33208539028712
4,1000,10,"H2OGBM_Ridge",1.65019956704032
4,1000,10,"Lasso",2.68398417223182
4,1000,10,"RF_Lasso",2.35215879036848
4,1000,10,"XGBoost_Lasso",2.49525652081092
4,1000,10,"LightGBM_Lasso",2.22586834218725
4,1000,10,"CatBoost_Lasso",2.17201827771549
4,1000,10,"H2OGBM_Lasso",2.18459744039394
4,1000,10,"ElasticNet",2.68782110200975
4,1000,10,"RF_ElasticNet",2.30316944208671
4,1000,10,"XGBoost_ElasticNet",2.30826409732146
4,1000,10,"LightGBM_ElasticNet",2.18045454787746
4,1000,10,"CatBoost_ElasticNet",2.07212931596889
4,1000,10,"H2OGBM_ElasticNet",2.18900775850765
4,1000,10,"RF_Full",2.046987233718
4,1000,10,"XGBoost_Full",1.9733085899483
4,1000,10,"LightGBM_Full",1.48314613043739
4,1000,10,"CatBoost_Full",1.33208539028712
4,1000,10,"H2OGBM_Full",1.65019956704032
5,1000,10,"Ridge",2.38500120249197
5,1000,10,"RF_Ridge",1.90866582621283
5,1000,10,"XGBoost_Ridge",1.58607355483906
5,1000,10,"LightGBM_Ridge",1.40516509838921
5,1000,10,"CatBoost_Ridge",1.31216875234051
5,1000,10,"H2OGBM_Ridge",1.43964871786811
5,1000,10,"Lasso",2.37133750272415
5,1000,10,"RF_Lasso",1.85487251713401
5,1000,10,"XGBoost_Lasso",1.67613169152198
5,1000,10,"LightGBM_Lasso",1.3342155400757
5,1000,10,"CatBoost_Lasso",1.23411979430871
5,1000,10,"H2OGBM_Lasso",1.45663848831864
5,1000,10,"ElasticNet",2.37410835900323
5,1000,10,"RF_ElasticNet",1.87461533976431
5,1000,10,"XGBoost_ElasticNet",1.67613169152198
5,1000,10,"LightGBM_ElasticNet",1.3342155400757
5,1000,10,"CatBoost_ElasticNet",1.23411979430871
5,1000,10,"H2OGBM_ElasticNet",1.45663848831864
5,1000,10,"RF_Full",1.87858409253306
5,1000,10,"XGBoost_Full",1.58607355483906
5,1000,10,"LightGBM_Full",1.40516509838921
5,1000,10,"CatBoost_Full",1.31216875234051
5,1000,10,"H2OGBM_Full",1.43964871786811
6,1000,10,"Ridge",2.55901543124591
6,1000,10,"RF_Ridge",1.95590970826233
6,1000,10,"XGBoost_Ridge",1.72786157171465
6,1000,10,"LightGBM_Ridge",1.37263247130907
6,1000,10,"CatBoost_Ridge",1.2802557152522
6,1000,10,"H2OGBM_Ridge",1.45080593362525
6,1000,10,"Lasso",2.55588234646151
6,1000,10,"RF_Lasso",1.8691466115262
6,1000,10,"XGBoost_Lasso",1.63088595302999
6,1000,10,"LightGBM_Lasso",1.3875166819137
6,1000,10,"CatBoost_Lasso",1.29180368912864
6,1000,10,"H2OGBM_Lasso",1.45807012800438
6,1000,10,"ElasticNet",2.55768961438995
6,1000,10,"RF_ElasticNet",1.9550629564391
6,1000,10,"XGBoost_ElasticNet",1.72786157171465
6,1000,10,"LightGBM_ElasticNet",1.37263247130907
6,1000,10,"CatBoost_ElasticNet",1.2802557152522
6,1000,10,"H2OGBM_ElasticNet",1.45080593362525
6,1000,10,"RF_Full",1.96775673455795
6,1000,10,"XGBoost_Full",1.72786157171465
6,1000,10,"LightGBM_Full",1.37263247130907
6,1000,10,"CatBoost_Full",1.2802557152522
6,1000,10,"H2OGBM_Full",1.45080593362525
7,1000,10,"Ridge",2.63022985142797
7,1000,10,"RF_Ridge",2.09689689938466
7,1000,10,"XGBoost_Ridge",1.98397479290188
7,1000,10,"LightGBM_Ridge",1.57093158124491
7,1000,10,"CatBoost_Ridge",1.41314671766784
7,1000,10,"H2OGBM_Ridge",1.54977602567583
7,1000,10,"Lasso",2.61897126873228
7,1000,10,"RF_Lasso",2.09986491447724
7,1000,10,"XGBoost_Lasso",1.98397479290188
7,1000,10,"LightGBM_Lasso",1.57093158124491
7,1000,10,"CatBoost_Lasso",1.41314671766784
7,1000,10,"H2OGBM_Lasso",1.54977602567583
7,1000,10,"ElasticNet",2.61972403498578
7,1000,10,"RF_ElasticNet",2.11374188198862
7,1000,10,"XGBoost_ElasticNet",1.98397479290188
7,1000,10,"LightGBM_ElasticNet",1.57093158124491
7,1000,10,"CatBoost_ElasticNet",1.41314671766784
7,1000,10,"H2OGBM_ElasticNet",1.54977602567583
7,1000,10,"RF_Full",2.08117400293141
7,1000,10,"XGBoost_Full",1.98397479290188
7,1000,10,"LightGBM_Full",1.57093158124491
7,1000,10,"CatBoost_Full",1.41314671766784
7,1000,10,"H2OGBM_Full",1.54977602567583
8,1000,10,"Ridge",2.36812255052322
8,1000,10,"RF_Ridge",2.00439636097986
8,1000,10,"XGBoost_Ridge",1.94207973778781
8,1000,10,"LightGBM_Ridge",1.54806785680745
8,1000,10,"CatBoost_Ridge",1.33687160199612
8,1000,10,"H2OGBM_Ridge",1.57985643499321
8,1000,10,"Lasso",2.36302175833148
8,1000,10,"RF_Lasso",2.19219031513051
8,1000,10,"XGBoost_Lasso",2.40561037164796
8,1000,10,"LightGBM_Lasso",2.19802833440173
8,1000,10,"CatBoost_Lasso",2.104255151063
8,1000,10,"H2OGBM_Lasso",2.17206829564294
8,1000,10,"ElasticNet",2.36114328993731
8,1000,10,"RF_ElasticNet",2.30535777679254
8,1000,10,"XGBoost_ElasticNet",2.4145637729841
8,1000,10,"LightGBM_ElasticNet",2.14795233951043
8,1000,10,"CatBoost_ElasticNet",2.03591851154005
8,1000,10,"H2OGBM_ElasticNet",2.21756114338319
8,1000,10,"RF_Full",1.99709422129899
8,1000,10,"XGBoost_Full",1.94207973778781
8,1000,10,"LightGBM_Full",1.54806785680745
8,1000,10,"CatBoost_Full",1.33687160199612
8,1000,10,"H2OGBM_Full",1.57985643499321
9,1000,10,"Ridge",2.60918758878563
9,1000,10,"RF_Ridge",2.05846963457252
9,1000,10,"XGBoost_Ridge",1.80265746449483
9,1000,10,"LightGBM_Ridge",1.36111194805436
9,1000,10,"CatBoost_Ridge",1.32304465843507
9,1000,10,"H2OGBM_Ridge",1.4640143193178
9,1000,10,"Lasso",2.60231060439605
9,1000,10,"RF_Lasso",2.25163677750965
9,1000,10,"XGBoost_Lasso",2.31004396054304
9,1000,10,"LightGBM_Lasso",2.04329218011138
9,1000,10,"CatBoost_Lasso",2.04476536832497
9,1000,10,"H2OGBM_Lasso",2.00420905262589
9,1000,10,"ElasticNet",2.60949498089355
9,1000,10,"RF_ElasticNet",2.25642255417153
9,1000,10,"XGBoost_ElasticNet",2.31004396054304
9,1000,10,"LightGBM_ElasticNet",2.04329218011138
9,1000,10,"CatBoost_ElasticNet",2.04476536832497
9,1000,10,"H2OGBM_ElasticNet",2.00420905262589
9,1000,10,"RF_Full",2.04318596643796
9,1000,10,"XGBoost_Full",1.80265746449483
9,1000,10,"LightGBM_Full",1.36111194805436
9,1000,10,"CatBoost_Full",1.32304465843507
9,1000,10,"H2OGBM_Full",1.4640143193178
10,1000,10,"Ridge",2.7576421872547
10,1000,10,"RF_Ridge",2.23472530945604
10,1000,10,"XGBoost_Ridge",1.95273295370253
10,1000,10,"LightGBM_Ridge",1.6675374437823
10,1000,10,"CatBoost_Ridge",1.35979901161044
10,1000,10,"H2OGBM_Ridge",1.6883833904733
10,1000,10,"Lasso",2.75610776422531
10,1000,10,"RF_Lasso",2.11047567036158
10,1000,10,"XGBoost_Lasso",1.78171688326546
10,1000,10,"LightGBM_Lasso",1.58936675894809
10,1000,10,"CatBoost_Lasso",1.28409212753345
10,1000,10,"H2OGBM_Lasso",1.63545958210374
10,1000,10,"ElasticNet",2.74568691457812
10,1000,10,"RF_ElasticNet",2.22004627824907
10,1000,10,"XGBoost_ElasticNet",1.78240836934396
10,1000,10,"LightGBM_ElasticNet",1.62115520288745
10,1000,10,"CatBoost_ElasticNet",1.24668987029239
10,1000,10,"H2OGBM_ElasticNet",1.62458548912392
10,1000,10,"RF_Full",2.23058341709349
10,1000,10,"XGBoost_Full",1.95273295370253
10,1000,10,"LightGBM_Full",1.6675374437823
10,1000,10,"CatBoost_Full",1.35979901161044
10,1000,10,"H2OGBM_Full",1.6883833904733
1,1000,50,"Ridge",2.92418108119981
1,1000,50,"RF_Ridge",2.68407723368275
1,1000,50,"XGBoost_Ridge",2.35414822259882
1,1000,50,"LightGBM_Ridge",2.01619249221829
1,1000,50,"CatBoost_Ridge",1.88955143004651
1,1000,50,"H2OGBM_Ridge",2.05691020608931
1,1000,50,"Lasso",2.87620818409574
1,1000,50,"RF_Lasso",2.69675413749799
1,1000,50,"XGBoost_Lasso",2.68541896432834
1,1000,50,"LightGBM_Lasso",2.55103404783361
1,1000,50,"CatBoost_Lasso",2.38317336314846
1,1000,50,"H2OGBM_Lasso",2.46192724432804
1,1000,50,"ElasticNet",2.88482953872667
1,1000,50,"RF_ElasticNet",2.71472485588391
1,1000,50,"XGBoost_ElasticNet",2.68541896432834
1,1000,50,"LightGBM_ElasticNet",2.55103404783361
1,1000,50,"CatBoost_ElasticNet",2.38317336314846
1,1000,50,"H2OGBM_ElasticNet",2.46192724432804
1,1000,50,"RF_Full",2.71553019612302
1,1000,50,"XGBoost_Full",2.35414822259882
1,1000,50,"LightGBM_Full",2.01619249221829
1,1000,50,"CatBoost_Full",1.88955143004651
1,1000,50,"H2OGBM_Full",2.05691020608931
2,1000,50,"Ridge",2.602217596716
2,1000,50,"RF_Ridge",2.15472053350389
2,1000,50,"XGBoost_Ridge",1.90140146660897
2,1000,50,"LightGBM_Ridge",1.60805836047362
2,1000,50,"CatBoost_Ridge",1.49242216219761
2,1000,50,"H2OGBM_Ridge",1.51521540320353
2,1000,50,"Lasso",2.46853182410873
2,1000,50,"RF_Lasso",2.26533152173573
2,1000,50,"XGBoost_Lasso",2.32076209225925
2,1000,50,"LightGBM_Lasso",2.21099761571035
2,1000,50,"CatBoost_Lasso",2.17733102489678
2,1000,50,"H2OGBM_Lasso",2.20593974122019
2,1000,50,"ElasticNet",2.47318559655003
2,1000,50,"RF_ElasticNet",1.9776821758905
2,1000,50,"XGBoost_ElasticNet",1.87598286082475
2,1000,50,"LightGBM_ElasticNet",1.47413023867732
2,1000,50,"CatBoost_ElasticNet",1.22724737656152
2,1000,50,"H2OGBM_ElasticNet",1.51594844652775
2,1000,50,"RF_Full",2.16796195306708
2,1000,50,"XGBoost_Full",1.90140146660897
2,1000,50,"LightGBM_Full",1.60805836047362
2,1000,50,"CatBoost_Full",1.49242216219761
2,1000,50,"H2OGBM_Full",1.51521540320353
3,1000,50,"Ridge",2.73402023264128
3,1000,50,"RF_Ridge",2.45935749031658
3,1000,50,"XGBoost_Ridge",2.11861641922202
3,1000,50,"LightGBM_Ridge",1.6581584763419
3,1000,50,"CatBoost_Ridge",1.57810464041489
3,1000,50,"H2OGBM_Ridge",1.66663408795868
3,1000,50,"Lasso",2.68969625868318
3,1000,50,"RF_Lasso",2.51965486253846
3,1000,50,"XGBoost_Lasso",2.389747949697
3,1000,50,"LightGBM_Lasso",2.20660588909369
3,1000,50,"CatBoost_Lasso",2.18866225389223
3,1000,50,"H2OGBM_Lasso",2.19160448262846
3,1000,50,"ElasticNet",2.6952377531473
3,1000,50,"RF_ElasticNet",2.52770635669208
3,1000,50,"XGBoost_ElasticNet",2.39888089470393
3,1000,50,"LightGBM_ElasticNet",2.22104839181451
3,1000,50,"CatBoost_ElasticNet",2.3335241515108
3,1000,50,"H2OGBM_ElasticNet",2.2217017838443
3,1000,50,"RF_Full",2.45763488840252
3,1000,50,"XGBoost_Full",2.11861641922202
3,1000,50,"LightGBM_Full",1.6581584763419
3,1000,50,"CatBoost_Full",1.57810464041489
3,1000,50,"H2OGBM_Full",1.66663408795868
4,1000,50,"Ridge",2.7649215004245
4,1000,50,"RF_Ridge",2.39151586695438
4,1000,50,"XGBoost_Ridge",1.95600539243437
4,1000,50,"LightGBM_Ridge",1.63722336095636
4,1000,50,"CatBoost_Ridge",1.55008915826019
4,1000,50,"H2OGBM_Ridge",1.66883116166975
4,1000,50,"Lasso",2.74637427969502
4,1000,50,"RF_Lasso",2.3686347018606
4,1000,50,"XGBoost_Lasso",2.26480765680946
4,1000,50,"LightGBM_Lasso",2.1948820647656
4,1000,50,"CatBoost_Lasso",1.94274403590864
4,1000,50,"H2OGBM_Lasso",2.074049346758
4,1000,50,"ElasticNet",2.75141490757892
4,1000,50,"RF_ElasticNet",2.38569924823316
4,1000,50,"XGBoost_ElasticNet",2.32081994526528
4,1000,50,"LightGBM_ElasticNet",2.113582988104
4,1000,50,"CatBoost_ElasticNet",2.09788124922767
4,1000,50,"H2OGBM_ElasticNet",2.06110710156964
4,1000,50,"RF_Full",2.36052431788968
4,1000,50,"XGBoost_Full",1.95600539243437
4,1000,50,"LightGBM_Full",1.63722336095636
4,1000,50,"CatBoost_Full",1.55008915826019
4,1000,50,"H2OGBM_Full",1.66883116166975
5,1000,50,"Ridge",2.64688172526792
5,1000,50,"RF_Ridge",2.33064836640677
5,1000,50,"XGBoost_Ridge",1.85166641136966
5,1000,50,"LightGBM_Ridge",1.59292047668171
5,1000,50,"CatBoost_Ridge",1.56776969085208
5,1000,50,"H2OGBM_Ridge",1.64570955063924
5,1000,50,"Lasso",2.64614069361008
5,1000,50,"RF_Lasso",2.28674334108778
5,1000,50,"XGBoost_Lasso",2.2721720510514
5,1000,50,"LightGBM_Lasso",2.08881702096643
5,1000,50,"CatBoost_Lasso",2.01251294140671
5,1000,50,"H2OGBM_Lasso",2.06275259995726
5,1000,50,"ElasticNet",2.65217650305491
5,1000,50,"RF_ElasticNet",2.25791312372073
5,1000,50,"XGBoost_ElasticNet",2.25606993383913
5,1000,50,"LightGBM_ElasticNet",2.12379030241476
5,1000,50,"CatBoost_ElasticNet",2.08457364522093
5,1000,50,"H2OGBM_ElasticNet",2.04557035431207
5,1000,50,"RF_Full",2.37475574691858
5,1000,50,"XGBoost_Full",1.85166641136966
5,1000,50,"LightGBM_Full",1.59292047668171
5,1000,50,"CatBoost_Full",1.56776969085208
5,1000,50,"H2OGBM_Full",1.64570955063924
6,1000,50,"Ridge",2.73248048704911
6,1000,50,"RF_Ridge",2.19584757571493
6,1000,50,"XGBoost_Ridge",1.93865345958493
6,1000,50,"LightGBM_Ridge",1.64665032747039
6,1000,50,"CatBoost_Ridge",1.5726181661625
6,1000,50,"H2OGBM_Ridge",1.68418872670928
6,1000,50,"Lasso",2.66308689187789
6,1000,50,"RF_Lasso",2.28444438429552
6,1000,50,"XGBoost_Lasso",2.33196416435059
6,1000,50,"LightGBM_Lasso",2.17007184618568
6,1000,50,"CatBoost_Lasso",2.06667562452697
6,1000,50,"H2OGBM_Lasso",2.15307628083962
6,1000,50,"ElasticNet",2.65941004198165
6,1000,50,"RF_ElasticNet",2.30580031524776
6,1000,50,"XGBoost_ElasticNet",2.33196416435059
6,1000,50,"LightGBM_ElasticNet",2.17007184618568
6,1000,50,"CatBoost_ElasticNet",2.06667562452697
6,1000,50,"H2OGBM_ElasticNet",2.15307628083962
6,1000,50,"RF_Full",2.19727041768717
6,1000,50,"XGBoost_Full",1.93865345958493
6,1000,50,"LightGBM_Full",1.64665032747039
6,1000,50,"CatBoost_Full",1.5726181661625
6,1000,50,"H2OGBM_Full",1.68418872670928
7,1000,50,"Ridge",2.75908984272049
7,1000,50,"RF_Ridge",2.46485050932447
7,1000,50,"XGBoost_Ridge",2.05480331967562
7,1000,50,"LightGBM_Ridge",1.63206653220569
7,1000,50,"CatBoost_Ridge",1.56538002258182
7,1000,50,"H2OGBM_Ridge",1.63374347341643
7,1000,50,"Lasso",2.71645428007535
7,1000,50,"RF_Lasso",2.46668434270732
7,1000,50,"XGBoost_Lasso",2.2277558651161
7,1000,50,"LightGBM_Lasso",2.17695198777763
7,1000,50,"CatBoost_Lasso",2.06092753134093
7,1000,50,"H2OGBM_Lasso",2.20177333625025
7,1000,50,"ElasticNet",2.72228452762071
7,1000,50,"RF_ElasticNet",2.47283880955142
7,1000,50,"XGBoost_ElasticNet",2.26234266967646
7,1000,50,"LightGBM_ElasticNet",2.21282697797822
7,1000,50,"CatBoost_ElasticNet",2.15155772784585
7,1000,50,"H2OGBM_ElasticNet",2.21847271028314
7,1000,50,"RF_Full",2.4230450754425
7,1000,50,"XGBoost_Full",2.05480331967562
7,1000,50,"LightGBM_Full",1.63206653220569
7,1000,50,"CatBoost_Full",1.56538002258182
7,1000,50,"H2OGBM_Full",1.63374347341643
8,1000,50,"Ridge",2.86755831519586
8,1000,50,"RF_Ridge",2.52151547337284
8,1000,50,"XGBoost_Ridge",2.11394625205757
8,1000,50,"LightGBM_Ridge",1.78280829148204
8,1000,50,"CatBoost_Ridge",1.62681618628363
8,1000,50,"H2OGBM_Ridge",1.86325184564607
8,1000,50,"Lasso",2.75519710316738
8,1000,50,"RF_Lasso",2.57215785671811
8,1000,50,"XGBoost_Lasso",2.44380451637955
8,1000,50,"LightGBM_Lasso",2.25263525395775
8,1000,50,"CatBoost_Lasso",2.25647921994613
8,1000,50,"H2OGBM_Lasso",2.33259662823991
8,1000,50,"ElasticNet",2.78854525210664
8,1000,50,"RF_ElasticNet",2.44045036685802
8,1000,50,"XGBoost_ElasticNet",2.05591906956837
8,1000,50,"LightGBM_ElasticNet",1.76857423882086
8,1000,50,"CatBoost_ElasticNet",1.65813425059328
8,1000,50,"H2OGBM_ElasticNet",1.81605138399484
8,1000,50,"RF_Full",2.50762970445507
8,1000,50,"XGBoost_Full",2.11394625205757
8,1000,50,"LightGBM_Full",1.78280829148204
8,1000,50,"CatBoost_Full",1.62681618628363
8,1000,50,"H2OGBM_Full",1.86325184564607
9,1000,50,"Ridge",2.8388796195702
9,1000,50,"RF_Ridge",2.55392868215971
9,1000,50,"XGBoost_Ridge",2.14263776665483
9,1000,50,"LightGBM_Ridge",1.8971185598093
9,1000,50,"CatBoost_Ridge",1.57860744290091
9,1000,50,"H2OGBM_Ridge",1.8523699316203
9,1000,50,"Lasso",2.7723265702913
9,1000,50,"RF_Lasso",2.21257732924808
9,1000,50,"XGBoost_Lasso",1.73040629055431
9,1000,50,"LightGBM_Lasso",1.69047773948553
9,1000,50,"CatBoost_Lasso",1.36050394418602
9,1000,50,"H2OGBM_Lasso",1.63677661893053
9,1000,50,"ElasticNet",2.77622001403374
9,1000,50,"RF_ElasticNet",2.25219875755755
9,1000,50,"XGBoost_ElasticNet",1.95101448346699
9,1000,50,"LightGBM_ElasticNet",1.66943005360925
9,1000,50,"CatBoost_ElasticNet",1.3223154423642
9,1000,50,"H2OGBM_ElasticNet",1.69147181226629
9,1000,50,"RF_Full",2.55253545877431
9,1000,50,"XGBoost_Full",2.14263776665483
9,1000,50,"LightGBM_Full",1.8971185598093
9,1000,50,"CatBoost_Full",1.57860744290091
9,1000,50,"H2OGBM_Full",1.8523699316203
10,1000,50,"Ridge",2.63897691249453
10,1000,50,"RF_Ridge",2.37984172470338
10,1000,50,"XGBoost_Ridge",2.01790824831194
10,1000,50,"LightGBM_Ridge",1.70731871304175
10,1000,50,"CatBoost_Ridge",1.59763980183131
10,1000,50,"H2OGBM_Ridge",1.66819394051376
10,1000,50,"Lasso",2.60031581868196
10,1000,50,"RF_Lasso",2.39394112427844
10,1000,50,"XGBoost_Lasso",2.54613313059297
10,1000,50,"LightGBM_Lasso",2.23403617104095
10,1000,50,"CatBoost_Lasso",2.19454205038368
10,1000,50,"H2OGBM_Lasso",2.24236410621017
10,1000,50,"ElasticNet",2.60025339650378
10,1000,50,"RF_ElasticNet",2.45913974418775
10,1000,50,"XGBoost_ElasticNet",2.43572082542463
10,1000,50,"LightGBM_ElasticNet",2.2461940571762
10,1000,50,"CatBoost_ElasticNet",2.14054147625666
10,1000,50,"H2OGBM_ElasticNet",2.19663792302987
10,1000,50,"RF_Full",2.37550249668146
10,1000,50,"XGBoost_Full",2.01790824831194
10,1000,50,"LightGBM_Full",1.70731871304175
10,1000,50,"CatBoost_Full",1.59763980183131
10,1000,50,"H2OGBM_Full",1.66819394051376
